village_id,quarter,children_registered,children_weighed_pct,severely_underweight_pct,moderately_underweight_pct,supplementary_nutrition_days,doctor_visits_count,growth_monitoring_pct,water_availability,toilet_availability,medicine_availability_pct
1,2023-Q3,676,78.0,4.6,8.6,62,1,76.3,1,1,71.5
1,2023-Q4,676,70.3,4.5,8.4,69,0,70.5,1,1,81.0
1,2024-Q1,676,78.9,4.7,8.7,60,0,65.7,0,1,76.4
1,2024-Q2,676,77.8,4.2,7.8,59,1,68.6,0,0,65.7
1,2024-Q3,676,77.0,3.4,6.2,65,1,72.0,1,1,61.8
1,2024-Q4,676,76.6,2.5,4.7,54,1,80.3,1,1,67.8
2,2023-Q3,520,67.4,4.4,8.2,68,1,74.2,1,0,90.1
2,2023-Q4,520,69.7,4.0,7.5,62,1,87.3,1,1,77.5
2,2024-Q1,520,88.7,3.5,6.4,59,1,71.2,1,1,80.3
2,2024-Q2,520,75.8,3.2,5.9,56,0,77.7,1,1,80.6
2,2024-Q3,520,76.0,2.4,4.4,74,1,85.9,1,1,70.6
2,2024-Q4,520,76.1,2.6,4.9,77,0,71.3,1,1,81.5
3,2023-Q3,596,76.2,8.7,16.2,43,1,72.0,1,1,69.6
3,2023-Q4,596,72.2,10.4,19.3,77,1,71.8,1,1,64.4
3,2024-Q1,596,74.6,12.0,22.4,58,2,81.0,1,1,62.8
3,2024-Q2,596,76.7,13.5,25.1,64,2,79.4,1,1,73.8
3,2024-Q3,596,90.0,14.6,27.1,73,1,73.8,1,1,64.9
3,2024-Q4,596,70.8,16.5,30.6,68,1,71.8,1,1,74.2
4,2023-Q3,248,69.8,5.5,10.2,62,0,73.0,1,1,71.1
4,2023-Q4,248,74.3,5.8,10.8,65,2,79.8,1,1,77.3
4,2024-Q1,248,74.7,6.8,12.5,67,0,85.0,1,1,72.1
4,2024-Q2,248,78.8,7.0,13.1,64,1,75.3,1,1,84.7
4,2024-Q3,248,73.9,7.5,13.9,56,1,81.2,1,1,83.6
4,2024-Q4,248,76.6,7.4,13.7,46,2,73.4,0,1,63.9
5,2023-Q3,593,81.8,10.2,19.0,67,1,80.9,1,1,100.0
5,2023-Q4,593,85.3,10.3,19.1,57,2,82.6,1,1,85.3
5,2024-Q1,593,92.6,10.4,19.3,69,1,92.6,1,1,93.6
5,2024-Q2,593,86.3,11.0,20.5,73,2,81.1,1,1,93.0
5,2024-Q3,593,83.7,10.2,18.9,69,3,92.8,1,1,87.3
5,2024-Q4,593,91.3,9.7,17.9,62,2,100.0,1,1,91.3
6,2023-Q3,430,88.1,4.5,8.4,54,1,87.0,1,1,73.0
6,2023-Q4,430,87.8,3.1,5.7,59,1,76.3,0,1,81.6
6,2024-Q1,430,76.1,2.9,5.3,49,1,80.5,1,1,75.2
6,2024-Q2,430,83.3,4.2,7.8,65,1,80.8,1,1,74.0
6,2024-Q3,430,75.6,4.5,8.4,62,1,79.3,1,1,82.4
6,2024-Q4,430,80.9,4.3,8.0,51,1,80.6,1,1,64.9
7,2023-Q3,1038,72.4,6.9,12.9,52,1,76.2,1,1,72.8
7,2023-Q4,1038,78.8,6.8,12.6,58,1,82.9,1,1,89.2
7,2024-Q1,1038,74.9,6.1,11.3,60,1,68.1,1,1,64.3
7,2024-Q2,1038,74.8,6.3,11.7,61,1,64.4,1,1,91.1
7,2024-Q3,1038,79.4,5.6,10.3,65,0,75.8,1,1,62.8
7,2024-Q4,1038,76.1,4.8,8.9,48,0,77.7,1,1,82.6
8,2023-Q3,819,68.9,6.0,11.1,49,1,70.3,1,0,73.6
8,2023-Q4,819,67.7,5.4,10.1,44,1,69.5,1,1,77.0
8,2024-Q1,819,81.1,5.5,10.2,59,1,64.7,1,1,68.5
8,2024-Q2,819,74.6,3.9,7.3,63,1,61.9,1,1,77.5
8,2024-Q3,819,78.5,3.1,5.7,71,1,69.3,1,1,65.6
8,2024-Q4,819,79.5,2.2,4.1,49,1,75.4,1,1,73.1
9,2023-Q3,838,76.9,8.8,16.4,74,1,73.7,1,1,85.9
9,2023-Q4,838,72.8,8.8,16.3,68,2,70.2,1,1,91.2
9,2024-Q1,838,80.5,8.6,16.0,84,1,74.9,1,1,88.4
9,2024-Q2,838,78.7,8.0,14.9,86,1,78.0,1,1,97.8
9,2024-Q3,838,83.0,7.9,14.6,72,1,77.3,1,1,75.5
9,2024-Q4,838,78.9,7.4,13.7,66,2,69.1,1,1,90.6
10,2023-Q3,457,73.0,4.1,7.5,66,1,73.7,1,1,77.1
10,2023-Q4,457,82.0,4.1,7.7,77,0,76.3,1,1,77.5
10,2024-Q1,457,81.4,4.0,7.5,64,1,78.3,1,1,95.3
10,2024-Q2,457,78.9,4.7,8.7,73,2,79.5,1,1,91.7
10,2024-Q3,457,64.7,4.4,8.1,69,0,67.9,1,1,72.8
10,2024-Q4,457,90.6,4.0,7.4,66,1,87.9,1,1,81.2
11,2023-Q3,852,80.8,7.7,14.3,61,1,76.9,1,1,91.4
11,2023-Q4,852,86.4,8.1,15.1,57,1,69.9,1,1,100.0
11,2024-Q1,852,80.7,8.2,15.3,74,2,79.7,1,1,86.5
11,2024-Q2,852,79.0,8.3,15.4,70,2,77.3,1,1,92.5
11,2024-Q3,852,84.1,8.8,16.3,77,2,85.7,1,1,90.4
11,2024-Q4,852,85.6,8.8,16.3,85,1,81.8,1,1,81.4
12,2023-Q3,459,77.1,3.9,7.3,52,1,77.8,1,0,72.4
12,2023-Q4,459,78.5,5.0,9.2,55,1,76.1,1,1,74.5
12,2024-Q1,459,77.2,5.4,10.1,56,2,76.2,1,1,75.6
12,2024-Q2,459,66.9,6.1,11.4,45,1,77.3,1,0,72.2
12,2024-Q3,459,83.3,7.0,13.0,64,1,81.4,1,1,87.1
12,2024-Q4,459,76.7,7.8,14.5,59,0,71.3,1,1,89.7
13,2023-Q3,632,80.3,3.5,6.4,62,3,85.4,1,1,85.3
13,2023-Q4,632,74.8,3.6,6.6,51,1,91.6,1,1,90.1
13,2024-Q1,632,87.5,3.0,5.6,64,2,87.0,1,1,77.3
13,2024-Q2,632,84.0,3.0,5.5,74,2,92.9,1,1,100.0
13,2024-Q3,632,81.8,3.6,6.7,55,1,74.2,1,1,80.4
13,2024-Q4,632,87.7,4.2,7.8,69,2,80.7,1,1,93.2
14,2023-Q3,108,88.3,8.7,16.1,77,2,70.4,1,1,67.9
14,2023-Q4,108,87.2,7.9,14.6,76,3,84.1,1,1,99.6
14,2024-Q1,108,86.4,7.8,14.4,79,2,75.7,1,1,75.1
14,2024-Q2,108,94.5,8.7,16.2,75,2,100.0,1,1,93.5
14,2024-Q3,108,86.9,9.0,16.8,65,2,84.6,0,1,79.7
14,2024-Q4,108,83.3,9.0,16.7,67,1,83.7,1,0,76.2
15,2023-Q3,422,74.0,6.5,12.1,64,1,70.3,1,1,87.4
15,2023-Q4,422,86.8,5.9,11.0,53,1,82.0,1,1,90.1
15,2024-Q1,422,74.6,6.1,11.4,69,2,74.8,1,1,89.5
15,2024-Q2,422,71.0,5.7,10.5,59,0,75.2,1,1,58.5
15,2024-Q3,422,77.4,5.3,9.9,55,2,72.9,0,1,94.3
15,2024-Q4,422,78.2,6.1,11.4,65,1,82.6,1,1,82.9
16,2023-Q3,448,80.6,9.3,17.3,80,1,83.2,1,1,96.9
16,2023-Q4,448,96.3,9.6,17.8,75,2,89.9,1,1,80.8
16,2024-Q1,448,76.7,9.6,17.8,64,0,85.2,1,1,100.0
16,2024-Q2,448,89.1,9.7,18.1,76,2,79.6,1,1,100.0
16,2024-Q3,448,90.5,10.1,18.8,76,2,94.8,1,1,87.8
16,2024-Q4,448,83.4,9.6,17.9,71,1,82.8,1,1,100.0
17,2023-Q3,1249,66.4,8.7,16.2,52,1,76.7,0,0,73.3
17,2023-Q4,1249,69.9,8.8,16.4,55,0,68.9,0,1,66.7
17,2024-Q1,1249,68.0,8.1,15.1,57,1,73.7,0,1,71.5
17,2024-Q2,1249,77.2,7.1,13.1,43,0,70.0,0,1,71.1
17,2024-Q3,1249,70.8,7.7,14.3,41,1,54.7,0,0,62.9
17,2024-Q4,1249,68.3,7.3,13.6,49,1,72.4,1,1,49.9
18,2023-Q3,393,74.7,5.5,10.1,67,1,94.4,1,0,70.0
18,2023-Q4,393,82.2,5.4,10.0,79,1,81.7,1,1,74.4
18,2024-Q1,393,75.9,4.7,8.8,65,1,77.0,1,1,87.4
18,2024-Q2,393,86.6,4.3,8.0,65,1,77.0,1,1,78.3
18,2024-Q3,393,78.4,4.1,7.6,71,1,79.0,1,1,75.9
18,2024-Q4,393,84.3,4.9,9.0,58,1,82.1,1,1,72.8
19,2023-Q3,856,84.7,3.1,5.7,65,2,83.2,1,1,87.6
19,2023-Q4,856,76.7,3.2,6.0,71,2,86.8,1,1,68.3
19,2024-Q1,856,84.0,3.0,5.5,73,2,89.4,1,1,90.2
19,2024-Q2,856,89.7,1.8,3.4,74,3,81.3,1,1,84.5
19,2024-Q3,856,86.7,1.5,2.8,69,2,95.4,1,1,84.1
19,2024-Q4,856,76.1,0.7,1.3,67,1,84.2,1,1,85.9
20,2023-Q3,1166,83.3,3.6,6.6,52,0,63.9,0,1,58.3
20,2023-Q4,1166,75.4,2.7,5.0,67,1,76.0,1,1,70.9
20,2024-Q1,1166,74.3,3.2,5.9,62,1,59.3,1,1,65.8
20,2024-Q2,1166,72.7,4.2,7.8,67,0,83.6,1,1,66.0
20,2024-Q3,1166,69.6,5.0,9.3,55,1,84.6,1,1,70.4
20,2024-Q4,1166,71.8,4.3,7.9,59,0,63.7,1,0,64.7
21,2023-Q3,1036,87.3,2.6,4.8,72,1,99.2,0,1,95.9
21,2023-Q4,1036,80.2,2.2,4.2,82,2,78.3,1,1,92.3
21,2024-Q1,1036,88.7,1.5,2.8,77,2,81.2,1,1,81.7
21,2024-Q2,1036,83.4,1.1,2.1,83,1,89.8,0,1,98.3
21,2024-Q3,1036,90.4,0.7,1.3,78,3,81.3,1,1,97.7
21,2024-Q4,1036,79.6,0.7,1.3,82,3,88.1,1,1,77.9
22,2023-Q3,1218,77.2,8.4,15.6,62,2,82.0,1,1,100.0
22,2023-Q4,1218,77.2,8.6,15.9,78,2,83.4,1,1,100.0
22,2024-Q1,1218,85.0,8.0,14.8,81,1,75.6,1,1,99.0
22,2024-Q2,1218,81.7,8.1,15.0,90,1,82.4,1,1,99.4
22,2024-Q3,1218,79.5,8.6,16.0,90,2,76.1,0,1,100.0
22,2024-Q4,1218,76.9,9.0,16.7,68,1,84.0,1,1,100.0
23,2023-Q3,664,68.8,7.3,13.6,65,1,75.4,1,1,81.1
23,2023-Q4,664,76.6,7.5,14.0,63,1,80.3,1,1,90.3
23,2024-Q1,664,78.1,6.6,12.3,66,1,72.7,1,1,76.4
23,2024-Q2,664,79.2,6.2,11.5,67,1,89.8,1,1,73.9
23,2024-Q3,664,72.8,5.4,10.0,66,1,71.2,1,1,76.0
23,2024-Q4,664,74.9,5.5,10.2,54,1,76.3,1,1,81.8
24,2023-Q3,606,65.9,7.0,13.0,62,1,78.8,1,1,77.9
24,2023-Q4,606,72.3,5.0,9.2,54,0,55.0,1,1,66.5
24,2024-Q1,606,75.1,3.9,7.2,65,1,79.8,1,1,73.4
24,2024-Q2,606,72.5,4.4,8.2,61,1,78.4,1,1,74.6
24,2024-Q3,606,78.8,3.7,6.9,51,0,73.2,0,0,71.1
24,2024-Q4,606,78.1,2.3,4.2,70,1,59.3,0,1,62.7
25,2023-Q3,1240,90.1,2.4,4.4,65,1,91.0,1,1,72.1
25,2023-Q4,1240,82.2,2.3,4.4,60,2,85.9,1,1,84.2
25,2024-Q1,1240,82.3,1.3,2.5,57,2,84.8,1,1,80.6
25,2024-Q2,1240,92.2,0.8,1.5,81,1,83.2,1,1,72.9
25,2024-Q3,1240,87.1,0.7,1.3,79,3,83.5,1,1,75.6
25,2024-Q4,1240,85.4,0.7,1.4,62,1,88.6,0,1,88.3
26,2023-Q3,385,92.3,2.2,4.1,64,3,83.9,1,1,82.2
26,2023-Q4,385,95.4,1.2,2.2,66,2,85.0,1,1,91.7
26,2024-Q1,385,85.8,0.7,1.3,76,2,90.7,1,0,92.7
26,2024-Q2,385,93.0,0.7,1.3,64,2,99.4,1,1,84.0
26,2024-Q3,385,91.3,0.7,1.3,53,2,99.9,1,1,81.3
26,2024-Q4,385,88.1,0.7,1.3,64,2,85.9,1,1,84.9
27,2023-Q3,840,92.5,9.8,18.2,67,2,81.4,1,1,68.9
27,2023-Q4,840,76.1,11.0,20.4,69,1,82.3,1,1,76.1
27,2024-Q1,840,76.9,11.9,22.1,79,2,84.6,1,1,85.4
27,2024-Q2,840,78.4,14.4,26.8,73,1,81.5,1,1,67.5
27,2024-Q3,840,72.7,16.2,30.0,68,1,78.0,1,1,75.4
27,2024-Q4,840,77.7,17.7,32.8,56,2,81.6,1,1,86.3
28,2023-Q3,1146,73.8,14.2,26.4,59,1,72.5,0,1,76.2
28,2023-Q4,1146,74.7,15.4,28.6,61,2,77.2,1,1,80.6
28,2024-Q1,1146,68.5,14.8,27.5,59,0,72.7,1,1,60.5
28,2024-Q2,1146,82.9,13.7,25.5,66,1,75.0,1,1,77.5
28,2024-Q3,1146,77.0,14.4,26.7,57,1,56.9,1,1,70.3
28,2024-Q4,1146,75.2,13.9,25.8,59,1,75.1,1,1,72.1
29,2023-Q3,340,82.3,8.7,16.2,71,1,67.6,1,1,75.0
29,2023-Q4,340,82.7,11.2,20.8,70,2,80.8,1,1,75.9
29,2024-Q1,340,80.9,12.8,23.7,56,2,73.3,1,1,82.4
29,2024-Q2,340,75.7,14.2,26.4,60,2,76.7,1,1,88.2
29,2024-Q3,340,81.5,15.2,28.2,59,1,83.1,1,1,72.5
29,2024-Q4,340,80.0,16.8,31.2,53,1,75.1,1,1,79.4
30,2023-Q3,497,84.0,3.9,7.2,65,1,85.1,0,1,75.3
30,2023-Q4,497,73.3,4.7,8.7,88,0,68.1,1,1,78.5
30,2024-Q1,497,71.8,4.9,9.1,48,1,62.2,1,1,71.3
30,2024-Q2,497,81.0,5.0,9.3,72,1,77.5,1,1,74.8
30,2024-Q3,497,76.7,5.8,10.7,58,1,68.4,1,1,71.1
30,2024-Q4,497,82.3,6.3,11.7,59,1,75.9,1,1,68.4
31,2023-Q3,672,80.8,5.4,9.9,79,1,78.7,1,0,77.9
31,2023-Q4,672,90.1,5.1,9.5,63,2,78.6,1,1,78.6
31,2024-Q1,672,76.9,5.0,9.2,81,1,88.2,1,1,67.1
31,2024-Q2,672,81.0,5.0,9.3,74,2,88.7,1,1,73.7
31,2024-Q3,672,84.0,5.8,10.7,60,2,83.0,1,1,75.5
31,2024-Q4,672,78.6,5.9,11.0,69,2,76.8,1,1,85.5
32,2023-Q3,149,84.9,8.4,15.6,67,1,70.9,1,1,62.7
32,2023-Q4,149,76.2,8.2,15.3,68,1,91.2,0,1,71.9
32,2024-Q1,149,73.6,7.9,14.6,66,1,66.9,1,1,65.0
32,2024-Q2,149,83.0,7.4,13.7,55,0,77.7,0,1,77.7
32,2024-Q3,149,82.6,6.5,12.1,69,1,82.0,1,0,62.8
32,2024-Q4,149,80.8,6.1,11.3,51,1,81.0,1,0,72.2
33,2023-Q3,825,70.1,8.0,14.9,59,1,68.8,1,0,69.3
33,2023-Q4,825,69.0,8.0,14.8,50,2,67.9,0,0,66.8
33,2024-Q1,825,68.8,7.2,13.4,59,0,65.7,0,0,75.7
33,2024-Q2,825,75.9,6.8,12.7,42,1,70.5,1,0,59.3
33,2024-Q3,825,75.5,6.1,11.3,45,0,65.1,1,0,55.8
33,2024-Q4,825,71.5,5.4,10.0,64,0,68.2,1,1,62.6
34,2023-Q3,1199,81.2,7.2,13.4,68,1,66.9,1,0,77.8
34,2023-Q4,1199,71.5,8.6,16.0,51,1,75.0,1,1,64.5
34,2024-Q1,1199,72.5,10.9,20.2,75,0,71.8,1,1,78.4
34,2024-Q2,1199,62.0,12.1,22.4,61,1,68.9,1,1,74.3
34,2024-Q3,1199,80.5,13.5,25.0,45,0,71.4,1,1,71.3
34,2024-Q4,1199,68.9,15.3,28.4,70,1,67.7,1,1,71.8
35,2023-Q3,79,68.1,6.8,12.7,56,1,74.4,0,1,63.4
35,2023-Q4,79,86.0,6.7,12.4,65,0,74.7,1,1,76.4
35,2024-Q1,79,81.7,7.5,13.9,53,1,59.8,1,0,67.8
35,2024-Q2,79,66.3,8.1,15.0,61,1,79.0,1,1,69.8
35,2024-Q3,79,69.9,7.4,13.8,47,1,76.0,0,1,69.8
35,2024-Q4,79,79.2,7.5,13.9,74,1,75.6,1,1,68.0
36,2023-Q3,1146,91.6,2.0,3.6,70,2,100.0,1,1,95.6
36,2023-Q4,1146,92.4,0.7,1.3,62,2,89.0,1,1,84.7
36,2024-Q1,1146,88.1,0.7,1.3,64,3,87.4,0,1,90.0
36,2024-Q2,1146,85.5,0.7,1.3,69,2,89.3,1,1,73.0
36,2024-Q3,1146,100.0,0.7,1.3,78,1,99.2,1,1,81.9
36,2024-Q4,1146,92.8,0.7,1.3,50,2,97.5,1,1,91.5
37,2023-Q3,427,83.7,7.7,14.3,60,1,94.8,1,1,80.0
37,2023-Q4,427,87.1,7.6,14.1,76,1,91.0,1,1,85.8
37,2024-Q1,427,84.0,7.9,14.6,68,2,91.7,1,1,86.4
37,2024-Q2,427,84.0,8.2,15.1,71,2,88.9,1,0,93.2
37,2024-Q3,427,88.9,7.6,14.2,63,2,90.5,1,0,95.2
37,2024-Q4,427,87.0,7.9,14.7,74,2,77.3,1,1,93.0
38,2023-Q3,1243,72.3,12.7,23.6,68,1,87.2,1,1,81.8
38,2023-Q4,1243,73.5,13.4,24.9,58,1,67.4,1,1,73.9
38,2024-Q1,1243,76.3,13.7,25.5,54,1,66.2,1,1,82.9
38,2024-Q2,1243,81.0,13.6,25.3,65,1,77.2,1,0,64.7
38,2024-Q3,1243,74.6,13.8,25.7,62,1,65.6,1,1,58.1
38,2024-Q4,1243,79.6,13.4,24.8,44,0,86.9,1,0,66.5
39,2023-Q3,1075,87.6,8.8,16.3,74,2,92.0,1,1,100.0
39,2023-Q4,1075,82.5,8.4,15.5,79,3,84.1,1,1,89.9
39,2024-Q1,1075,82.4,8.7,16.1,60,2,100.0,1,1,100.0
39,2024-Q2,1075,85.3,8.5,15.9,80,2,83.4,1,1,92.2
39,2024-Q3,1075,90.0,8.4,15.7,76,2,86.0,1,1,97.4
39,2024-Q4,1075,88.3,8.8,16.3,78,2,80.8,1,1,93.2
40,2023-Q3,690,74.5,9.1,16.9,48,1,70.4,1,1,56.4
40,2023-Q4,690,67.9,9.3,17.4,42,0,75.9,1,0,70.5
40,2024-Q1,690,65.1,10.0,18.5,49,0,62.5,0,1,59.8
40,2024-Q2,690,71.0,8.7,16.1,44,0,58.6,1,0,59.8
40,2024-Q3,690,64.7,8.4,15.5,54,0,67.3,1,0,45.4
40,2024-Q4,690,68.3,8.5,15.9,55,0,56.9,0,0,48.8
41,2023-Q3,1166,70.1,3.6,6.7,69,1,79.0,1,1,67.5
41,2023-Q4,1166,77.3,3.1,5.7,73,1,75.0,1,1,79.6
41,2024-Q1,1166,71.4,2.3,4.2,69,1,73.4,1,1,78.6
41,2024-Q2,1166,75.3,3.0,5.6,61,1,61.7,1,1,74.0
41,2024-Q3,1166,78.2,4.3,7.9,60,1,68.9,1,1,74.1
41,2024-Q4,1166,76.8,4.0,7.5,77,1,75.5,1,1,85.0
42,2023-Q3,142,68.8,7.1,13.2,51,0,69.7,1,1,52.4
42,2023-Q4,142,69.6,8.3,15.4,52,0,64.7,1,1,53.7
42,2024-Q1,142,66.9,9.0,16.8,49,0,66.6,1,1,51.8
42,2024-Q2,142,69.5,8.9,16.5,51,1,66.9,0,1,64.0
42,2024-Q3,142,73.4,8.7,16.2,50,1,73.9,1,0,60.9
42,2024-Q4,142,69.9,9.0,16.6,33,0,66.5,1,1,49.7
43,2023-Q3,316,81.4,5.7,10.6,58,1,84.2,1,1,74.5
43,2023-Q4,316,80.5,5.8,10.7,71,1,83.5,1,1,72.6
43,2024-Q1,316,78.3,6.2,11.5,56,1,85.7,1,0,82.8
43,2024-Q2,316,76.8,6.5,12.0,76,0,78.0,1,1,66.5
43,2024-Q3,316,74.5,6.2,11.5,59,1,79.6,1,0,84.0
43,2024-Q4,316,72.0,7.3,13.6,63,1,70.6,1,1,84.4
44,2023-Q3,923,77.8,9.1,16.9,62,0,71.2,1,1,62.3
44,2023-Q4,923,75.7,9.5,17.6,67,0,80.7,1,1,53.8
44,2024-Q1,923,83.1,9.0,16.8,48,1,78.0,1,0,74.6
44,2024-Q2,923,74.4,9.8,18.2,53,1,71.2,0,1,56.5
44,2024-Q3,923,73.2,9.4,17.5,55,1,67.2,0,1,59.9
44,2024-Q4,923,78.2,9.7,18.0,39,1,80.0,1,1,72.3
45,2023-Q3,1268,72.3,3.7,6.9,72,0,68.9,1,1,79.4
45,2023-Q4,1268,76.2,4.6,8.5,63,1,73.9,0,1,82.3
45,2024-Q1,1268,71.0,4.2,7.8,64,0,73.2,1,0,85.7
45,2024-Q2,1268,83.7,3.8,7.1,53,2,78.6,1,1,78.6
45,2024-Q3,1268,64.4,3.7,6.9,72,1,69.6,1,0,70.2
45,2024-Q4,1268,73.6,3.9,7.3,54,1,63.7,0,1,84.1
46,2023-Q3,969,63.0,8.8,16.3,67,0,70.4,1,1,65.2
46,2023-Q4,969,70.2,8.9,16.6,49,0,57.5,0,1,68.6
46,2024-Q1,969,59.3,9.1,17.0,49,0,67.1,1,0,64.2
46,2024-Q2,969,69.1,8.7,16.2,58,1,67.8,0,1,54.5
46,2024-Q3,969,66.3,9.1,16.9,47,0,56.3,1,0,76.9
46,2024-Q4,969,59.7,8.9,16.5,58,0,77.6,0,0,61.1
47,2023-Q3,194,84.3,14.4,26.7,62,0,69.0,1,1,66.6
47,2023-Q4,194,81.1,14.6,27.1,63,1,72.8,1,1,74.2
47,2024-Q1,194,76.7,14.5,26.8,65,0,73.1,1,0,79.4
47,2024-Q2,194,68.8,15.5,28.8,56,1,69.1,1,1,73.5
47,2024-Q3,194,71.4,15.2,28.2,61,1,58.4,1,1,61.4
47,2024-Q4,194,78.1,15.6,28.9,71,2,76.7,1,1,57.9
48,2023-Q3,268,71.9,8.3,15.4,46,0,71.1,1,1,57.1
48,2023-Q4,268,68.5,8.3,15.3,41,1,57.2,1,0,72.7
48,2024-Q1,268,75.8,8.8,16.3,26,0,80.5,1,0,56.4
48,2024-Q2,268,69.5,9.0,16.7,45,1,59.9,1,1,44.2
48,2024-Q3,268,61.6,9.8,18.2,24,0,61.2,1,1,51.8
48,2024-Q4,268,63.4,9.8,18.1,49,0,65.1,1,1,64.7
49,2023-Q3,733,83.5,8.5,15.8,72,1,80.7,1,1,86.8
49,2023-Q4,733,79.6,8.7,16.1,55,2,85.8,1,1,84.8
49,2024-Q1,733,79.3,9.1,16.8,78,1,78.0,1,1,84.7
49,2024-Q2,733,77.5,8.6,15.9,69,1,82.9,1,1,79.1
49,2024-Q3,733,80.6,8.0,14.8,87,0,79.1,1,0,94.7
49,2024-Q4,733,81.5,8.8,16.3,69,1,80.3,1,1,77.7
50,2023-Q3,926,70.4,6.6,12.2,67,1,57.0,0,1,59.1
50,2023-Q4,926,74.5,6.4,11.9,47,0,67.5,0,1,67.7
50,2024-Q1,926,67.3,6.8,12.6,47,0,67.8,1,0,59.5
50,2024-Q2,926,69.6,6.7,12.4,56,0,64.5,1,1,55.2
50,2024-Q3,926,69.1,7.0,13.1,61,0,59.5,0,1,53.4
50,2024-Q4,926,65.2,6.6,12.3,61,1,68.5,1,0,50.8
51,2023-Q3,567,75.5,7.7,14.4,75,2,87.2,1,1,100.0
51,2023-Q4,567,88.5,8.1,15.0,78,1,93.3,1,1,95.2
51,2024-Q1,567,86.9,7.5,14.0,64,1,92.9,1,1,100.0
51,2024-Q2,567,88.6,7.3,13.5,72,1,87.7,1,0,88.0
51,2024-Q3,567,85.1,7.5,13.9,90,2,88.3,1,1,100.0
51,2024-Q4,567,96.3,7.2,13.3,76,1,89.8,1,1,100.0
52,2023-Q3,570,83.7,2.3,4.3,66,2,84.7,1,0,73.1
52,2023-Q4,570,89.7,1.2,2.2,75,1,80.4,1,1,88.6
52,2024-Q1,570,82.2,1.0,1.8,75,2,95.4,1,1,82.4
52,2024-Q2,570,92.3,0.7,1.4,53,2,93.8,0,0,93.9
52,2024-Q3,570,79.9,0.7,1.3,59,2,83.9,1,1,68.8
52,2024-Q4,570,88.2,0.7,1.3,77,2,89.7,0,1,86.0
53,2023-Q3,96,81.7,2.8,5.2,72,1,87.5,1,1,77.2
53,2023-Q4,96,81.0,2.8,5.2,68,1,86.4,1,1,90.3
53,2024-Q1,96,85.7,2.0,3.8,81,2,85.9,1,1,90.6
53,2024-Q2,96,81.3,1.1,2.0,64,2,83.9,1,0,86.0
53,2024-Q3,96,74.9,0.7,1.3,64,1,83.5,1,1,89.1
53,2024-Q4,96,87.1,0.7,1.3,55,1,90.5,1,1,75.0
54,2023-Q3,680,90.2,8.8,16.3,82,2,75.7,0,1,97.1
54,2023-Q4,680,82.0,8.4,15.6,63,1,80.4,1,1,100.0
54,2024-Q1,680,79.2,9.6,17.9,84,2,86.4,0,1,100.0
54,2024-Q2,680,81.8,9.7,17.9,77,1,88.0,1,1,100.0
54,2024-Q3,680,79.5,10.9,20.2,73,2,78.6,1,1,100.0
54,2024-Q4,680,78.8,11.8,21.9,74,2,93.0,1,1,85.0
55,2023-Q3,1157,81.4,7.9,14.6,58,1,75.6,1,1,73.3
55,2023-Q4,1157,83.1,7.1,13.2,65,1,80.0,1,1,71.5
55,2024-Q1,1157,79.4,7.4,13.7,70,1,60.3,1,1,67.5
55,2024-Q2,1157,82.2,6.9,12.9,81,0,75.0,1,1,82.9
55,2024-Q3,1157,68.7,7.5,13.9,71,1,73.7,1,1,81.3
55,2024-Q4,1157,70.7,7.7,14.3,55,1,74.9,1,1,82.1
56,2023-Q3,1015,72.0,6.2,11.6,71,0,61.3,1,1,75.3
56,2023-Q4,1015,79.3,6.3,11.6,56,1,63.1,1,1,79.6
56,2024-Q1,1015,75.9,6.7,12.4,64,1,67.8,1,1,57.2
56,2024-Q2,1015,67.3,6.7,12.4,66,0,69.9,1,1,65.3
56,2024-Q3,1015,84.8,6.5,12.0,46,1,64.5,1,1,64.9
56,2024-Q4,1015,75.8,6.3,11.7,58,0,75.4,1,1,64.7
57,2023-Q3,353,90.6,10.2,18.9,66,1,75.9,1,1,89.7
57,2023-Q4,353,84.0,10.1,18.7,78,1,77.3,0,1,85.4
57,2024-Q1,353,81.9,9.9,18.4,75,2,80.3,1,1,79.0
57,2024-Q2,353,88.2,10.2,19.0,79,1,84.3,1,1,98.1
57,2024-Q3,353,79.9,10.1,18.7,72,1,83.9,1,1,94.2
57,2024-Q4,353,75.0,10.3,19.1,73,1,83.9,1,1,100.0
58,2023-Q3,1095,85.6,1.5,2.8,58,2,87.9,1,1,86.1
58,2023-Q4,1095,88.0,0.7,1.3,63,3,94.9,1,1,81.7
58,2024-Q1,1095,87.7,0.7,1.3,70,2,82.7,1,1,88.6
58,2024-Q2,1095,86.7,0.7,1.3,70,3,88.0,1,1,78.5
58,2024-Q3,1095,89.9,0.7,1.3,81,1,96.0,1,1,82.4
58,2024-Q4,1095,88.4,0.7,1.3,71,2,75.7,1,1,91.5
59,2023-Q3,296,76.5,8.2,15.3,56,0,89.2,1,1,72.7
59,2023-Q4,296,88.0,9.6,17.8,70,2,81.5,1,0,65.1
59,2024-Q1,296,81.0,11.5,21.3,56,1,86.1,1,1,73.5
59,2024-Q2,296,93.7,12.6,23.4,52,1,80.0,0,1,83.7
59,2024-Q3,296,96.8,14.5,26.8,66,1,69.8,1,1,69.2
59,2024-Q4,296,81.1,15.8,29.4,62,0,82.7,1,1,89.0
60,2023-Q3,633,83.1,15.4,28.7,63,0,67.7,1,1,71.2
60,2023-Q4,633,76.2,15.2,28.2,77,1,67.5,1,1,59.9
60,2024-Q1,633,72.4,15.1,28.1,51,1,68.7,1,1,74.7
60,2024-Q2,633,72.2,14.8,27.5,61,1,74.7,0,1,60.4
60,2024-Q3,633,76.8,15.6,28.9,66,2,69.8,1,1,72.7
60,2024-Q4,633,64.4,15.4,28.7,66,0,71.9,1,1,68.8
61,2023-Q3,850,77.7,6.3,11.7,70,2,80.2,1,0,79.0
61,2023-Q4,850,77.6,6.0,11.1,66,1,81.9,1,1,83.2
61,2024-Q1,850,80.4,5.6,10.3,66,1,80.3,1,1,95.2
61,2024-Q2,850,74.0,6.2,11.5,65,2,81.1,0,1,76.0
61,2024-Q3,850,73.0,6.7,12.5,57,1,79.0,1,0,69.7
61,2024-Q4,850,69.7,7.2,13.4,72,1,83.9,1,1,87.1
62,2023-Q3,206,78.1,11.4,21.2,74,1,67.1,1,1,81.1
62,2023-Q4,206,72.0,11.3,21.0,49,1,77.8,1,1,80.3
62,2024-Q1,206,82.1,11.1,20.5,49,1,74.4,1,1,73.0
62,2024-Q2,206,77.4,10.7,19.9,55,1,62.2,1,1,85.7
62,2024-Q3,206,75.5,10.3,19.2,65,1,79.9,1,1,63.5
62,2024-Q4,206,81.4,9.5,17.7,56,1,74.4,1,1,64.6
63,2023-Q3,1232,79.8,7.6,14.2,78,1,75.8,1,0,73.9
63,2023-Q4,1232,72.0,9.9,18.4,71,1,72.5,1,1,92.0
63,2024-Q1,1232,88.5,11.2,20.8,74,1,72.8,1,0,72.5
63,2024-Q2,1232,70.6,12.7,23.5,59,1,86.5,1,1,76.0
63,2024-Q3,1232,78.7,13.2,24.6,74,1,73.6,1,0,66.3
63,2024-Q4,1232,65.8,16.4,30.4,62,2,84.5,1,1,77.7
64,2023-Q3,1262,78.6,1.6,3.0,71,2,72.1,1,1,77.4
64,2023-Q4,1262,82.8,2.0,3.8,69,2,75.8,1,1,87.3
64,2024-Q1,1262,86.8,1.9,3.5,65,2,92.7,1,1,87.5
64,2024-Q2,1262,80.1,1.8,3.4,79,1,80.0,1,1,90.7
64,2024-Q3,1262,80.7,0.7,1.3,78,1,92.7,1,1,95.1
64,2024-Q4,1262,88.5,0.7,1.3,65,1,83.9,1,1,100.0
65,2023-Q3,156,95.6,3.5,6.5,61,1,83.6,1,1,59.7
65,2023-Q4,156,74.3,2.8,5.3,65,1,86.5,1,1,70.1
65,2024-Q1,156,77.3,2.3,4.3,53,0,71.6,1,1,72.5
65,2024-Q2,156,74.7,2.0,3.6,70,2,68.6,1,1,65.4
65,2024-Q3,156,82.9,2.2,4.0,77,2,78.8,1,1,84.8
65,2024-Q4,156,77.6,2.0,3.6,65,3,78.4,1,1,78.9
66,2023-Q3,986,86.2,2.4,4.5,63,2,75.1,1,1,85.7
66,2023-Q4,986,79.7,3.1,5.8,73,3,94.6,1,0,89.6
66,2024-Q1,986,85.6,2.4,4.4,84,2,92.7,1,1,92.0
66,2024-Q2,986,78.7,2.8,5.2,67,2,83.1,1,1,81.0
66,2024-Q3,986,84.0,2.3,4.2,56,1,93.9,1,1,85.4
66,2024-Q4,986,86.6,2.3,4.2,68,2,91.5,1,1,73.0
67,2023-Q3,1012,69.8,7.0,13.0,65,1,64.5,0,0,89.7
67,2023-Q4,1012,75.7,6.8,12.6,72,1,72.6,1,1,88.1
67,2024-Q1,1012,78.3,6.9,12.9,79,1,90.6,1,1,100.0
67,2024-Q2,1012,79.0,6.9,12.8,67,1,73.3,1,1,90.3
67,2024-Q3,1012,80.6,6.5,12.1,74,2,81.7,1,0,93.1
67,2024-Q4,1012,66.7,6.6,12.2,70,1,84.1,1,1,100.0
68,2023-Q3,369,80.4,0.9,1.6,62,2,89.8,1,1,86.3
68,2023-Q4,369,88.2,0.7,1.3,65,2,91.4,1,1,82.6
68,2024-Q1,369,92.2,0.7,1.3,61,1,84.9,1,1,92.5
68,2024-Q2,369,87.2,0.7,1.3,72,1,85.4,1,1,77.3
68,2024-Q3,369,86.4,0.7,1.3,80,2,86.8,1,1,77.6
68,2024-Q4,369,88.1,0.7,1.3,60,2,89.4,1,1,77.1
69,2023-Q3,1217,71.9,5.0,9.2,61,1,67.7,1,1,71.0
69,2023-Q4,1217,85.4,5.4,10.0,67,0,66.5,1,1,62.4
69,2024-Q1,1217,85.6,6.3,11.7,60,1,67.4,1,1,67.5
69,2024-Q2,1217,81.2,6.3,11.6,56,2,66.8,1,1,76.2
69,2024-Q3,1217,84.0,6.3,11.8,71,1,75.9,1,1,67.0
69,2024-Q4,1217,76.3,7.1,13.2,74,1,71.3,1,1,57.6
70,2023-Q3,265,88.2,5.5,10.3,61,1,91.8,1,1,67.3
70,2023-Q4,265,80.0,5.4,10.0,54,2,76.0,1,1,91.0
70,2024-Q1,265,89.0,5.9,10.9,61,1,70.0,1,1,73.5
70,2024-Q2,265,77.7,5.9,10.9,64,2,78.5,1,1,90.7
70,2024-Q3,265,84.4,5.5,10.3,69,1,87.1,1,1,75.4
70,2024-Q4,265,75.9,5.9,11.0,65,1,77.3,1,1,73.6
71,2023-Q3,303,71.6,10.0,18.6,72,0,68.7,1,1,70.6
71,2023-Q4,303,63.6,10.1,18.8,61,1,67.3,1,0,76.6
71,2024-Q1,303,66.9,9.7,18.0,60,0,75.2,1,1,78.4
71,2024-Q2,303,66.8,10.6,19.7,74,0,72.3,1,1,69.4
71,2024-Q3,303,75.3,11.9,22.1,58,1,82.4,1,1,75.7
71,2024-Q4,303,79.1,12.2,22.7,52,0,75.8,1,1,66.9
72,2023-Q3,709,82.7,8.6,15.9,62,2,66.1,1,1,74.7
72,2023-Q4,709,82.7,9.1,16.8,45,1,76.7,1,1,85.9
72,2024-Q1,709,70.0,9.6,17.9,63,0,78.0,1,1,68.8
72,2024-Q2,709,78.9,9.7,18.0,69,1,67.3,0,1,61.3
72,2024-Q3,709,71.6,9.6,17.9,66,0,64.1,1,1,61.4
72,2024-Q4,709,76.2,9.1,16.9,55,2,76.5,1,1,74.0
73,2023-Q3,381,82.5,7.4,13.7,62,1,68.9,1,1,88.6
73,2023-Q4,381,74.6,10.3,19.2,65,1,78.8,1,1,85.4
73,2024-Q1,381,70.5,11.0,20.4,64,1,79.3,1,1,82.9
73,2024-Q2,381,79.2,12.7,23.6,61,0,62.9,1,1,78.6
73,2024-Q3,381,74.2,14.3,26.6,65,1,65.1,1,0,74.4
73,2024-Q4,381,77.9,15.9,29.5,66,0,79.0,1,1,64.0
74,2023-Q3,921,82.3,6.8,12.6,64,2,79.6,1,1,78.4
74,2023-Q4,921,74.2,8.1,15.0,65,1,79.1,1,1,66.4
74,2024-Q1,921,74.5,7.9,14.7,59,2,82.8,1,1,82.3
74,2024-Q2,921,74.0,6.8,12.5,65,1,78.1,1,0,70.0
74,2024-Q3,921,81.3,6.8,12.6,55,1,82.0,1,1,69.2
74,2024-Q4,921,78.9,5.9,10.9,63,1,69.6,1,1,71.8
75,2023-Q3,1006,83.9,3.3,6.1,74,1,75.3,1,1,82.8
75,2023-Q4,1006,78.2,2.3,4.2,78,1,81.6,1,1,80.3
75,2024-Q1,1006,84.9,1.5,2.8,82,2,84.5,1,1,87.3
75,2024-Q2,1006,80.5,1.3,2.4,61,2,75.5,1,1,84.0
75,2024-Q3,1006,89.5,1.5,2.7,62,2,91.8,1,1,86.8
75,2024-Q4,1006,80.6,1.9,3.6,67,1,82.1,1,1,82.7
76,2023-Q3,230,76.1,7.6,14.1,50,2,79.4,1,1,57.9
76,2023-Q4,230,84.4,9.3,17.2,71,1,67.8,1,1,64.4
76,2024-Q1,230,84.7,10.8,20.1,55,1,77.8,1,0,73.3
76,2024-Q2,230,84.6,12.1,22.4,65,2,72.3,1,1,66.9
76,2024-Q3,230,80.0,13.2,24.4,59,1,81.1,1,1,71.4
76,2024-Q4,230,80.9,14.5,26.9,50,1,76.1,0,1,72.8
77,2023-Q3,760,67.7,5.7,10.6,40,1,70.8,1,0,62.8
77,2023-Q4,760,72.1,5.4,10.0,66,1,77.7,1,0,51.0
77,2024-Q1,760,71.0,4.9,9.1,60,1,66.7,1,1,72.5
77,2024-Q2,760,73.2,4.8,8.9,61,0,75.2,1,1,71.3
77,2024-Q3,760,78.8,4.5,8.3,63,0,71.3,1,1,77.4
77,2024-Q4,760,70.7,4.1,7.7,60,1,75.9,1,1,59.1
78,2023-Q3,268,83.9,5.1,9.4,66,1,93.1,1,1,75.9
78,2023-Q4,268,73.2,4.7,8.8,52,2,76.2,1,1,81.2
78,2024-Q1,268,79.5,4.8,8.9,69,1,73.0,1,1,80.6
78,2024-Q2,268,74.4,4.3,8.0,59,0,70.4,1,1,81.9
78,2024-Q3,268,78.4,4.3,8.0,63,1,73.7,0,1,77.3
78,2024-Q4,268,67.2,3.8,7.1,72,1,78.7,1,1,93.3
79,2023-Q3,871,76.0,6.6,12.2,69,0,73.8,1,1,73.3
79,2023-Q4,871,78.7,5.7,10.6,57,1,68.1,1,0,83.5
79,2024-Q1,871,68.1,5.3,9.9,36,0,75.9,1,0,69.3
79,2024-Q2,871,78.7,6.0,11.1,54,1,72.3,1,1,82.3
79,2024-Q3,871,88.3,6.4,11.8,62,2,82.3,0,1,63.4
79,2024-Q4,871,73.8,6.2,11.5,58,1,75.3,1,1,61.5
80,2023-Q3,317,87.7,11.1,20.7,63,2,82.4,1,1,78.6
80,2023-Q4,317,74.7,11.0,20.5,73,1,78.3,1,1,84.2
80,2024-Q1,317,78.4,11.8,21.9,71,1,70.7,1,1,81.1
80,2024-Q2,317,78.2,12.7,23.7,68,1,75.2,1,1,72.0
80,2024-Q3,317,79.4,12.6,23.4,69,0,80.0,1,1,75.3
80,2024-Q4,317,74.0,12.4,23.0,85,1,78.1,1,1,78.1
