id,name,facility_type,village_id,block_id,district_id,latitude,longitude,doctors_sanctioned,doctors_in_position,nurses_sanctioned,nurses_in_position,anms_in_position,ashas_linked,beds,monthly_patient_capacity,has_functional_equipment,has_medicine_stock
1,Sub-Centre Abdipur,Sub-Centre,1,1,1,28.7182,81.06325,1,0,2,1,1,8,0,220,1,1
2,PHC Akabarpur,PHC,2,1,1,26.09406,78.88893,2,1,4,2,1,6,6,368,1,1
3,Sub-Centre Akohra,Sub-Centre,3,1,1,25.04099,79.40357,1,0,2,2,1,7,0,185,1,1
4,Sub-Centre Allipur,Sub-Centre,4,1,1,28.10529,79.03291,1,0,2,0,1,3,0,85,1,1
5,PHC Amanullapur,PHC,5,1,1,26.84082,80.27526,2,2,4,3,2,7,6,521,1,0
6,Sub-Centre Adora,Sub-Centre,6,2,1,28.67759,80.50145,1,1,2,1,1,5,0,146,1,1
7,Sub-Centre Adori,Sub-Centre,7,2,1,26.92941,81.53726,1,0,2,1,1,12,0,350,1,1
8,Sub-Centre Amlia,Sub-Centre,8,2,1,27.62074,79.71012,1,1,2,1,1,10,0,204,0,1
9,PHC Andapur,PHC,9,2,1,25.29818,78.62706,2,2,4,3,1,10,6,743,1,1
10,PHC Bada Gaon,PHC,10,2,1,25.19999,80.44409,2,1,4,2,1,5,6,328,1,0
11,PHC Agasand,PHC,11,3,2,27.92042,80.35438,2,2,4,3,1,10,6,806,1,1
12,Sub-Centre Ahamad Nagar,Sub-Centre,12,3,2,25.75484,79.12916,1,1,2,1,1,5,0,149,1,1
13,PHC Akbarpur,PHC,13,3,2,25.2004,80.9133,2,2,4,3,1,7,6,510,1,0
14,PHC Akhaipur,PHC,14,3,2,27.23087,81.5037,2,1,4,3,2,1,6,94,1,1
15,PHC Alampur,PHC,15,3,2,25.75928,79.64593,2,0,4,2,1,5,6,303,1,1
16,PHC Achaicha,PHC,16,4,2,26.37594,81.13806,2,1,4,3,2,5,6,425,1,1
17,Sub-Centre Agauli,Sub-Centre,17,4,2,28.64827,79.07363,1,0,2,1,1,15,0,238,0,0
18,PHC Ahmadpur,PHC,18,4,2,28.17229,82.35402,2,1,4,3,1,5,6,259,1,1
19,PHC Allahapur Bharali,PHC,19,4,2,26.17795,80.7717,2,1,4,3,2,10,6,646,1,0
20,Sub-Centre Asohna,Sub-Centre,20,4,2,26.11585,78.74023,1,0,2,2,1,14,0,324,1,1
21,PHC Achal Nagar,PHC,21,5,3,27.60405,78.95478,2,2,4,3,2,12,6,947,1,0
22,PHC Achlapur,PHC,22,5,3,27.82302,81.33868,2,1,4,3,1,14,6,1230,1,1
23,PHC Achlapur Bargadhi,PHC,23,5,3,25.61937,78.9147,2,1,4,2,1,8,6,482,1,1
24,Sub-Centre Adbadwa,Sub-Centre,24,5,3,26.87806,80.43116,1,0,2,1,1,7,0,167,1,1
25,PHC Akbarpur,PHC,25,5,3,25.77524,79.00298,2,2,4,3,2,15,6,1024,1,1
26,PHC Ahrolia,PHC,26,6,3,27.10605,80.71031,2,2,4,3,2,5,6,282,1,1
27,Sub-Centre Akdega,Sub-Centre,27,6,3,27.59153,78.98341,1,1,2,2,1,10,0,275,1,1
28,Sub-Centre Ameha,Sub-Centre,28,6,3,25.96997,81.19316,1,1,2,1,1,13,0,318,1,1
29,PHC Amreebharia Khas,PHC,29,6,3,25.8716,81.26167,2,1,4,3,1,4,6,226,1,1
30,PHC Arjunpur,PHC,30,6,3,25.65218,78.87868,2,1,4,2,1,6,6,318,1,1
31,PHC Amawa,PHC,31,7,4,27.17947,79.15452,2,1,4,2,1,8,6,425,1,1
32,Sub-Centre Ashan Jagatpur,Sub-Centre,32,7,4,25.80784,80.33258,1,0,2,1,1,2,0,43,1,1
33,Sub-Centre Bachhrawan,Sub-Centre,33,7,4,26.03524,80.46157,1,0,2,0,1,10,0,198,0,1
34,Sub-Centre Bahadur Nagar,Sub-Centre,34,7,4,26.91748,80.63077,1,0,2,1,1,14,0,397,1,1
35,Sub-Centre Bahadurpur,Sub-Centre,35,7,4,25.1475,81.90876,1,1,2,2,1,1,0,23,1,1
36,PHC Aimapur,PHC,36,8,4,27.49614,79.7076,2,2,4,3,2,13,6,871,1,1
37,PHC Badaver,PHC,37,8,4,28.23903,81.95274,2,1,4,3,2,5,6,390,1,0
38,Sub-Centre Bahuda Kalan,Sub-Centre,38,8,4,26.50683,80.80031,1,1,2,1,1,15,0,362,1,1
39,PHC Bahuda Khurd,PHC,39,8,4,26.36642,81.1316,2,2,4,3,2,13,6,1011,1,1
40,Sub-Centre Baiti,Sub-Centre,40,8,4,27.49703,80.37668,1,0,2,0,1,8,0,107,0,1
41,PHC Aliwada,PHC,41,9,5,22.71684,78.48661,2,1,4,1,1,14,6,768,1,1
42,Sub-Centre Amdhana,Sub-Centre,42,9,5,22.87567,76.15004,1,0,2,1,1,2,0,22,0,0
43,PHC Anhoni,PHC,43,9,5,26.9951,77.48757,2,1,4,2,1,4,6,216,1,1
44,Sub-Centre Babai Pathar,Sub-Centre,44,9,5,26.05781,79.95961,1,0,2,0,1,11,0,184,0,1
45,Sub-Centre Bakhari,Sub-Centre,45,9,5,22.57846,78.39252,1,0,2,1,1,15,0,442,1,0
46,Sub-Centre Acharkund,Sub-Centre,46,10,5,24.0736,77.64204,1,1,2,0,1,11,0,217,0,1
47,Sub-Centre Aharwada,Sub-Centre,47,10,5,25.30249,79.75815,1,1,2,1,1,2,0,48,0,1
48,Sub-Centre Amari,Sub-Centre,48,10,5,26.38397,77.38838,1,0,2,1,1,3,0,34,0,0
49,PHC Andol,PHC,49,10,5,25.23709,77.99008,2,1,4,2,1,9,6,602,1,1
50,Sub-Centre Ankhawadi,Sub-Centre,50,10,5,23.46141,77.17531,1,0,2,0,1,11,0,151,0,1
51,PHC Adarsh Dhanora,PHC,51,11,6,24.34229,77.02552,2,2,4,3,2,7,6,553,1,0
52,PHC Amadhana,PHC,52,11,6,22.26012,80.67295,2,1,4,4,2,7,6,449,1,1
53,PHC Amapathar,PHC,53,11,6,24.64884,79.27436,2,1,4,2,1,1,6,75,1,1
54,PHC Anki Raiyat,PHC,54,11,6,26.28304,77.92078,2,2,4,3,1,8,6,656,1,1
55,PHC Bagda Biran,PHC,55,11,6,22.94119,77.18242,2,0,4,1,1,14,6,778,1,1
56,Sub-Centre Adaumar,Sub-Centre,56,12,6,24.85799,81.00085,1,0,2,1,1,12,0,278,1,1
57,PHC Ambhori,PHC,57,12,6,25.77234,79.4946,2,1,4,3,1,4,6,315,1,0
58,PHC Amla,PHC,58,12,6,26.33928,77.8793,2,2,4,3,2,13,6,793,1,1
59,PHC Badgaon,PHC,59,12,6,26.33531,77.21862,2,1,4,2,1,3,6,199,1,1
60,Sub-Centre Balner,Sub-Centre,60,12,6,22.90067,79.56602,1,1,2,1,1,7,0,178,1,1
61,PHC Agasod,PHC,61,13,7,25.43908,80.82311,2,1,4,2,1,10,6,602,1,1
62,Sub-Centre Amkheda,Sub-Centre,62,13,7,23.86746,76.3294,1,1,2,2,1,2,0,65,1,0
63,PHC Bagaspur,PHC,63,13,7,24.52488,78.49557,2,1,4,2,1,14,6,790,1,1
64,PHC Bagdawli,PHC,64,13,7,25.99403,80.01645,2,1,4,2,1,15,6,1072,1,1
65,Sub-Centre Balarkhedi,Sub-Centre,65,13,7,25.97196,76.76604,1,1,2,2,1,2,0,53,1,0
66,PHC Achanwara,PHC,66,14,7,26.25711,76.04309,2,1,4,3,2,12,6,784,1,1
67,PHC Alkhedi,PHC,67,14,7,23.31732,76.47534,2,2,4,3,1,12,6,906,1,1
68,PHC Asoli,PHC,68,14,7,24.30202,78.48442,2,2,4,3,2,4,6,266,1,1
69,Sub-Centre Bachhu,Sub-Centre,69,14,7,24.02978,79.3042,1,1,2,1,1,14,0,408,1,1
70,PHC Badoli,PHC,70,14,7,26.65091,76.06405,2,1,4,3,1,3,6,172,1,1
71,PHC Abda,PHC,71,15,8,26.4319,78.25339,2,0,4,2,1,4,6,192,1,1
72,Sub-Centre Achalpura,Sub-Centre,72,15,8,23.3602,76.21304,1,0,2,1,1,8,0,214,1,1
73,Sub-Centre Adanwara,Sub-Centre,73,15,8,25.47425,77.87785,1,0,2,2,1,4,0,127,1,1
74,Sub-Centre Amajhir,Sub-Centre,74,15,8,22.70516,79.24238,1,1,2,1,1,11,0,320,1,1
75,PHC Bachhama,PHC,75,15,8,22.16515,77.12179,2,1,4,3,1,12,6,752,1,1
76,Sub-Centre Bagha,Sub-Centre,76,16,8,22.07871,76.80371,1,1,2,1,1,3,0,69,1,1
77,Sub-Centre Bagsari,Sub-Centre,77,16,8,25.94522,78.78045,1,0,2,0,1,9,0,203,0,1
78,Sub-Centre Bamanpura,Sub-Centre,78,16,8,26.55439,80.86086,1,1,2,1,1,3,0,93,1,1
79,Sub-Centre Bamhori Kudai,Sub-Centre,79,16,8,25.53342,79.8037,1,1,2,0,1,10,0,269,1,1
80,PHC Bamni,PHC,80,16,8,25.24746,79.88755,2,1,4,3,1,4,6,213,1,1
