village_id,quarter,opd_visits,ipd_admissions,deliveries,c_sections,anc_visits,immunization_sessions_held,full_immunization_pct,institutional_delivery_pct,opd_utilization_pct
1,2023-Q3,226,6,17,2,47,4,52.6,48.0,34.0
1,2023-Q4,256,7,18,2,50,4,56.9,55.7,40.0
1,2024-Q1,306,8,21,2,58,4,61.3,53.8,45.2
1,2024-Q2,307,8,21,2,58,4,69.1,62.7,45.5
1,2024-Q3,331,9,23,2,64,4,71.8,64.6,49.4
1,2024-Q4,333,9,23,2,64,4,74.3,63.9,52.9
2,2023-Q3,264,2,7,0,19,5,47.9,40.1,19.1
2,2023-Q4,138,1,4,0,11,5,48.6,40.6,12.3
2,2024-Q1,57,0,1,0,2,5,49.4,42.3,7.2
2,2024-Q2,81,0,2,0,5,5,52.5,48.6,7.5
2,2024-Q3,113,1,4,0,11,5,54.5,49.7,9.8
2,2024-Q4,215,2,7,0,19,5,55.6,49.5,16.8
3,2023-Q3,318,10,25,3,70,5,59.3,51.2,56.8
3,2023-Q4,348,10,26,3,72,5,57.4,46.3,64.2
3,2024-Q1,333,10,25,3,70,5,58.1,57.4,60.7
3,2024-Q2,328,9,24,2,67,5,57.8,52.8,59.5
3,2024-Q3,290,8,22,2,61,5,59.2,53.0,53.6
3,2024-Q4,294,8,21,2,58,5,57.6,53.3,51.1
4,2023-Q3,142,4,11,1,30,5,68.9,64.2,54.5
4,2023-Q4,145,4,10,1,28,5,64.8,54.7,58.6
4,2024-Q1,139,4,11,1,30,5,58.8,46.7,54.0
4,2024-Q2,149,4,11,1,30,5,54.1,49.4,57.3
4,2024-Q3,139,3,9,1,25,5,52.8,51.9,56.6
4,2024-Q4,160,4,11,1,30,5,50.0,51.9,61.5
5,2023-Q3,290,3,9,1,25,6,36.3,33.0,18.7
5,2023-Q4,255,2,5,0,14,6,36.8,34.6,15.7
5,2024-Q1,283,3,8,0,22,6,34.8,32.4,18.4
5,2024-Q2,275,3,9,1,25,6,33.9,36.7,17.0
5,2024-Q3,233,2,5,0,14,6,33.7,27.0,17.6
5,2024-Q4,343,3,9,1,25,6,34.8,30.3,21.7
6,2023-Q3,181,4,11,1,30,5,63.5,59.8,40.2
6,2023-Q4,182,4,12,1,33,5,62.4,56.9,39.2
6,2024-Q1,170,5,13,1,36,5,58.0,45.0,39.8
6,2024-Q2,175,4,11,1,30,5,54.5,51.2,39.7
6,2024-Q3,182,4,12,1,33,5,56.8,47.4,43.0
6,2024-Q4,194,4,12,1,33,5,58.2,54.0,44.6
7,2023-Q3,472,12,31,3,86,4,51.3,47.5,44.6
7,2023-Q4,532,14,37,4,103,4,51.6,44.6,50.7
7,2024-Q1,626,16,40,4,112,4,53.7,42.5,55.5
7,2024-Q2,555,15,39,4,109,4,55.5,50.5,51.7
7,2024-Q3,594,17,43,5,120,4,60.0,50.7,56.9
7,2024-Q4,584,15,39,4,109,4,63.4,56.0,55.7
8,2023-Q3,118,4,12,1,33,4,55.8,53.4,21.1
8,2023-Q4,113,4,11,1,30,4,58.4,51.9,20.2
8,2024-Q1,96,3,9,1,25,4,63.6,54.4,19.5
8,2024-Q2,138,4,12,1,33,4,70.1,64.0,21.7
8,2024-Q3,168,6,15,1,42,4,72.8,65.8,29.2
8,2024-Q4,180,8,20,2,56,4,75.5,73.3,31.2
9,2023-Q3,252,2,5,0,14,5,44.0,35.9,9.5
9,2023-Q4,154,1,4,0,11,5,40.9,37.6,7.6
9,2024-Q1,132,1,4,0,11,5,40.3,28.2,6.1
9,2024-Q2,197,1,3,0,8,5,39.6,41.3,5.8
9,2024-Q3,190,1,3,0,8,5,42.7,36.9,6.9
9,2024-Q4,182,1,4,0,11,5,43.9,39.4,9.8
10,2023-Q3,249,4,10,1,28,5,47.5,42.1,26.3
10,2023-Q4,205,2,7,0,19,5,50.3,49.5,19.2
10,2024-Q1,191,3,8,0,22,5,49.7,44.2,19.8
10,2024-Q2,193,2,6,0,16,5,44.9,37.0,19.2
10,2024-Q3,177,2,5,0,14,5,41.8,38.6,17.6
10,2024-Q4,214,3,8,0,22,5,40.4,34.9,22.9
11,2023-Q3,528,4,11,1,30,5,46.8,46.4,21.2
11,2023-Q4,584,5,14,1,39,5,45.8,42.5,23.6
11,2024-Q1,575,5,13,1,36,5,47.6,44.3,23.5
11,2024-Q2,624,5,14,1,39,5,50.5,43.2,24.7
11,2024-Q3,755,5,14,1,39,5,54.2,53.2,27.2
11,2024-Q4,591,6,15,1,42,5,56.8,47.9,25.5
12,2023-Q3,282,8,20,2,56,5,69.4,67.0,61.0
12,2023-Q4,284,7,19,2,53,5,68.5,63.0,63.0
12,2024-Q1,259,6,16,1,44,5,68.9,59.3,58.5
12,2024-Q2,273,7,19,2,53,5,70.7,68.8,61.2
12,2024-Q3,256,7,19,2,53,5,71.4,64.8,55.7
12,2024-Q4,216,6,15,1,42,5,70.4,59.8,52.5
13,2023-Q3,1014,11,29,3,81,5,87.6,76.8,66.5
13,2023-Q4,1084,11,29,3,81,5,85.3,72.6,72.1
13,2024-Q1,1053,11,29,3,81,5,85.1,78.2,67.6
13,2024-Q2,950,11,28,3,78,5,86.3,75.3,62.0
13,2024-Q3,900,10,27,3,75,5,88.0,79.4,59.7
13,2024-Q4,942,10,26,3,72,5,88.2,77.5,61.1
14,2023-Q3,76,0,2,0,5,6,43.9,33.3,28.8
14,2023-Q4,50,0,2,0,5,6,43.9,37.5,20.0
14,2024-Q1,55,0,1,0,2,6,46.7,37.3,20.7
14,2024-Q2,71,0,2,0,5,6,42.8,39.7,23.7
14,2024-Q3,45,0,0,0,0,6,39.2,42.2,17.1
14,2024-Q4,43,0,2,0,5,6,41.2,38.5,14.1
15,2023-Q3,261,2,6,0,16,4,58.9,56.6,27.8
15,2023-Q4,260,3,9,1,25,4,61.7,54.3,28.7
15,2024-Q1,198,2,6,0,16,4,56.3,50.0,20.2
15,2024-Q2,252,3,8,0,22,4,56.0,49.6,26.7
15,2024-Q3,236,3,9,1,25,4,56.0,48.4,28.1
15,2024-Q4,234,2,7,0,19,4,52.9,46.6,26.3
16,2023-Q3,192,1,3,0,8,6,36.1,33.5,15.7
16,2023-Q4,225,1,3,0,8,6,35.8,32.1,16.8
16,2024-Q1,206,2,6,0,16,6,35.6,31.1,17.4
16,2024-Q2,185,0,2,0,5,6,39.9,37.8,14.8
16,2024-Q3,166,2,6,0,16,6,37.1,32.6,14.6
16,2024-Q4,160,0,2,0,5,6,36.4,30.6,11.9
17,2023-Q3,148,7,18,2,50,4,34.9,36.2,20.2
17,2023-Q4,109,5,13,1,36,4,36.4,32.1,14.5
17,2024-Q1,132,4,10,1,28,4,31.3,29.1,13.7
17,2024-Q2,48,4,11,1,30,4,31.4,29.4,10.7
17,2024-Q3,65,4,11,1,30,4,33.1,29.8,12.1
17,2024-Q4,97,5,13,1,36,4,32.2,28.4,13.9
18,2023-Q3,459,6,15,1,42,5,66.5,58.3,61.8
18,2023-Q4,453,6,16,1,44,5,64.2,50.8,59.2
18,2024-Q1,434,6,17,2,47,5,62.6,56.0,59.7
18,2024-Q2,438,6,15,1,42,5,59.6,59.4,58.7
18,2024-Q3,479,6,16,1,44,5,53.9,44.2,61.8
18,2024-Q4,479,6,16,1,44,5,53.3,44.1,59.2
19,2023-Q3,3072,38,95,11,266,6,86.7,72.5,158.1
19,2023-Q4,2817,34,87,10,243,6,85.7,77.4,145.9
19,2024-Q1,2521,31,78,9,218,6,92.2,83.5,129.7
19,2024-Q2,2497,30,77,9,215,6,92.1,80.3,126.9
19,2024-Q3,2421,30,77,9,215,6,93.1,85.5,126.8
19,2024-Q4,2538,30,76,9,212,6,91.3,78.3,129.5
20,2023-Q3,447,14,36,4,100,5,69.0,63.8,45.7
20,2023-Q4,429,14,35,4,98,5,68.2,58.2,43.4
20,2024-Q1,423,14,35,4,98,5,68.7,63.1,43.3
20,2024-Q2,355,11,28,3,78,5,70.3,58.9,34.9
20,2024-Q3,328,12,30,3,84,5,69.2,64.4,35.5
20,2024-Q4,280,9,24,2,67,5,67.9,58.7,30.8
21,2023-Q3,1859,18,46,5,128,6,78.8,72.1,63.9
21,2023-Q4,1646,18,45,5,125,6,76.5,68.5,60.3
21,2024-Q1,1615,16,41,4,114,6,78.3,68.5,56.6
21,2024-Q2,1466,13,34,4,95,6,74.9,68.0,50.7
21,2024-Q3,1518,14,36,4,100,6,75.7,69.0,51.8
21,2024-Q4,1524,14,37,4,103,6,79.2,73.6,53.5
22,2023-Q3,592,5,14,1,39,5,41.1,39.6,15.9
22,2023-Q4,462,4,12,1,33,5,41.2,33.9,13.4
22,2024-Q1,567,5,13,1,36,5,38.5,35.3,15.3
22,2024-Q2,559,5,14,1,39,5,38.4,37.7,16.0
22,2024-Q3,704,6,17,2,47,5,38.4,34.3,18.6
22,2024-Q4,712,6,16,1,44,5,34.0,32.8,19.1
23,2023-Q3,403,5,13,1,36,5,49.4,45.0,29.6
23,2023-Q4,388,5,13,1,36,5,49.7,48.0,26.7
23,2024-Q1,519,6,17,2,47,5,49.4,41.9,33.8
23,2024-Q2,507,6,15,1,42,5,50.0,41.7,35.0
23,2024-Q3,502,7,18,2,50,5,50.6,42.8,36.9
23,2024-Q4,431,6,16,1,44,5,51.4,47.8,32.1
24,2023-Q3,210,7,19,2,53,4,44.9,43.4,40.8
24,2023-Q4,241,7,18,2,50,4,46.2,40.0,43.8
24,2024-Q1,272,8,21,2,58,4,49.2,48.1,51.2
24,2024-Q2,274,9,24,2,67,4,49.1,50.9,55.3
24,2024-Q3,282,10,27,3,75,4,52.6,47.8,60.2
24,2024-Q4,346,11,28,3,78,4,56.5,54.0,64.6
25,2023-Q3,2204,24,60,7,168,6,86.7,76.4,70.5
25,2023-Q4,2274,24,62,7,173,6,87.9,80.0,72.9
25,2024-Q1,2215,24,61,7,170,6,93.3,81.9,70.5
25,2024-Q2,2263,24,60,7,168,6,96.0,82.1,71.0
25,2024-Q3,2169,25,63,7,176,6,96.0,85.1,71.1
25,2024-Q4,2215,24,60,7,168,6,96.0,86.7,70.4
26,2023-Q3,612,6,17,2,47,6,75.7,68.7,72.4
26,2023-Q4,594,7,19,2,53,6,75.5,70.4,70.4
26,2024-Q1,611,7,18,2,50,6,72.8,58.9,68.6
26,2024-Q2,602,8,20,2,56,6,69.9,64.0,69.7
26,2024-Q3,600,7,19,2,53,6,68.4,65.9,71.9
26,2024-Q4,551,8,20,2,56,6,66.8,62.1,68.2
27,2023-Q3,393,10,26,3,72,5,55.7,51.6,46.9
27,2023-Q4,420,12,32,3,89,5,55.6,54.2,52.6
27,2024-Q1,512,14,35,4,98,5,51.2,47.9,59.8
27,2024-Q2,537,14,36,4,100,5,49.9,48.0,64.7
27,2024-Q3,503,14,37,4,103,5,47.9,39.1,61.3
27,2024-Q4,528,14,36,4,100,5,42.7,43.4,62.5
28,2023-Q3,481,16,41,4,114,4,51.8,42.4,51.6
28,2023-Q4,525,16,42,5,117,4,49.3,45.8,52.7
28,2024-Q1,463,16,40,4,112,4,46.7,40.0,48.9
28,2024-Q2,443,15,38,4,106,4,49.0,43.0,48.2
28,2024-Q3,459,16,41,4,114,4,48.1,46.8,50.0
28,2024-Q4,449,14,37,4,103,4,50.8,42.3,46.0
29,2023-Q3,360,5,13,1,36,5,58.8,53.9,55.2
29,2023-Q4,379,4,11,1,30,5,62.9,61.9,57.1
29,2024-Q1,408,5,14,1,39,5,65.0,57.1,55.9
29,2024-Q2,338,4,11,1,30,5,62.5,56.1,49.8
29,2024-Q3,351,4,12,1,33,5,63.0,56.0,50.7
29,2024-Q4,376,6,15,1,42,5,60.6,48.8,55.3
30,2023-Q3,284,3,9,1,25,5,46.1,45.8,28.2
30,2023-Q4,219,2,7,0,19,5,47.7,44.8,24.5
30,2024-Q1,193,1,4,0,11,5,49.2,42.3,19.3
30,2024-Q2,159,2,5,0,14,5,46.8,44.8,16.0
30,2024-Q3,114,1,3,0,8,5,47.4,44.0,12.6
30,2024-Q4,153,1,4,0,11,5,46.8,37.9,14.7
31,2023-Q3,760,11,29,3,81,5,62.7,56.8,61.3
31,2023-Q4,690,11,28,3,78,5,55.6,48.0,56.9
31,2024-Q1,772,10,27,3,75,5,54.9,49.0,60.1
31,2024-Q2,744,11,28,3,78,5,50.5,50.2,59.1
31,2024-Q3,611,8,22,2,61,5,45.5,47.9,49.3
31,2024-Q4,512,6,17,2,47,5,45.2,43.9,41.0
32,2023-Q3,60,2,5,0,14,5,54.2,51.4,46.2
32,2023-Q4,61,1,4,0,11,5,56.8,49.1,48.7
32,2024-Q1,62,2,5,0,14,5,58.7,59.1,48.1
32,2024-Q2,63,1,3,0,8,5,61.9,52.0,49.2
32,2024-Q3,65,1,4,0,11,5,61.6,55.9,53.0
32,2024-Q4,73,2,5,0,14,5,64.4,64.0,54.5
33,2023-Q3,176,5,14,1,39,4,54.4,49.7,24.7
33,2023-Q4,185,7,19,2,53,4,57.3,51.1,32.8
33,2024-Q1,243,9,23,2,64,4,60.8,56.7,40.0
33,2024-Q2,275,10,27,3,75,4,63.1,56.9,45.2
33,2024-Q3,318,12,31,3,86,4,66.3,61.4,56.1
33,2024-Q4,338,13,34,4,95,4,67.2,57.0,58.3
34,2023-Q3,616,16,42,5,117,4,51.5,48.0,50.3
34,2023-Q4,639,18,45,5,125,4,52.6,48.4,53.2
34,2024-Q1,589,16,40,4,112,4,55.8,51.2,47.9
34,2024-Q2,587,15,38,4,106,4,56.5,52.0,46.6
34,2024-Q3,625,17,43,5,120,4,58.0,48.8,53.2
34,2024-Q4,613,16,41,4,114,4,56.9,54.2,49.4
35,2023-Q3,35,0,2,0,5,5,64.6,58.1,51.8
35,2023-Q4,36,0,2,0,5,5,61.0,57.2,55.5
35,2024-Q1,38,1,3,0,8,5,59.7,55.0,56.8
35,2024-Q2,39,1,3,0,8,5,56.8,51.0,59.3
35,2024-Q3,41,1,3,0,8,5,54.5,48.3,59.7
35,2024-Q4,38,0,2,0,5,5,54.1,49.3,57.2
36,2023-Q3,1919,22,57,6,159,6,83.7,83.8,71.7
36,2023-Q4,1964,24,61,7,170,6,81.3,69.4,75.7
36,2024-Q1,2002,24,61,7,170,6,79.5,74.9,76.5
36,2024-Q2,2219,26,66,7,184,6,81.6,77.8,81.7
36,2024-Q3,2085,25,64,7,179,6,85.6,78.5,82.0
36,2024-Q4,2185,26,66,7,184,6,87.2,74.6,81.8
37,2023-Q3,215,1,4,0,11,6,44.1,39.8,17.3
37,2023-Q4,278,2,6,0,16,6,45.0,44.4,21.2
37,2024-Q1,266,2,6,0,16,6,44.2,40.9,22.2
37,2024-Q2,260,1,4,0,11,6,46.5,44.6,20.6
37,2024-Q3,253,3,8,0,22,6,47.4,47.7,21.9
37,2024-Q4,248,2,5,0,14,6,44.7,34.5,21.3
38,2023-Q3,414,13,34,4,95,5,54.5,47.2,38.6
38,2023-Q4,345,10,27,3,75,5,56.3,54.2,30.8
38,2024-Q1,342,11,28,3,78,5,61.0,59.9,33.7
38,2024-Q2,414,13,34,4,95,5,58.0,53.0,38.1
38,2024-Q3,378,12,30,3,84,5,60.8,55.9,34.8
38,2024-Q4,390,12,31,3,86,5,60.7,56.2,35.7
39,2023-Q3,960,9,23,2,64,6,42.0,39.2,30.4
39,2023-Q4,1015,9,24,2,67,6,40.3,37.1,32.4
39,2024-Q1,1034,10,26,3,72,6,39.8,31.0,35.2
39,2024-Q2,1121,10,26,3,72,6,37.4,31.7,34.8
39,2024-Q3,1090,9,24,2,67,6,34.6,29.8,35.3
39,2024-Q4,1017,9,24,2,67,6,34.3,26.8,32.3
40,2023-Q3,73,4,11,1,30,3,32.5,29.8,24.0
40,2023-Q4,78,4,12,1,33,3,29.5,27.3,24.7
40,2024-Q1,75,4,11,1,30,3,27.8,24.6,23.2
40,2024-Q2,53,3,9,1,25,3,29.9,35.2,20.7
40,2024-Q3,52,3,8,0,22,3,30.2,27.2,19.3
40,2024-Q4,69,4,11,1,30,3,30.0,32.0,23.6
41,2023-Q3,437,6,15,1,42,4,54.6,48.2,18.3
41,2023-Q4,164,2,5,0,14,4,55.5,52.2,8.4
41,2024-Q1,204,2,5,0,14,4,52.0,45.9,6.4
41,2024-Q2,113,1,3,0,8,4,51.1,53.1,5.0
41,2024-Q3,83,2,5,0,14,4,47.4,46.7,5.0
41,2024-Q4,75,0,2,0,5,4,51.9,47.4,5.0
42,2023-Q3,25,2,5,0,14,4,31.7,31.5,39.1
42,2023-Q4,25,1,3,0,8,4,33.7,32.2,40.6
42,2024-Q1,27,2,6,0,16,4,33.2,29.8,41.7
42,2024-Q2,29,1,4,0,11,4,31.8,27.0,44.5
42,2024-Q3,34,2,6,0,16,4,29.3,28.5,51.4
42,2024-Q4,34,1,4,0,11,4,29.8,26.6,52.2
43,2023-Q3,166,2,6,0,16,5,60.1,52.2,24.8
43,2023-Q4,167,2,6,0,16,5,58.8,49.9,26.9
43,2024-Q1,115,0,2,0,5,5,56.7,52.1,16.2
43,2024-Q2,129,2,7,0,19,5,58.0,53.1,20.3
43,2024-Q3,158,2,7,0,19,5,54.7,50.4,25.2
43,2024-Q4,143,1,4,0,11,5,56.0,52.0,24.3
44,2023-Q3,143,6,15,1,42,4,45.4,40.9,23.7
44,2023-Q4,136,6,17,2,47,4,45.5,44.5,25.0
44,2024-Q1,113,5,14,1,39,4,45.6,42.2,21.7
44,2024-Q2,86,3,9,1,25,4,44.2,40.3,13.7
44,2024-Q3,77,3,9,1,25,4,42.0,38.5,15.8
44,2024-Q4,137,5,13,1,36,4,45.6,38.6,24.2
45,2023-Q3,548,15,39,4,109,4,58.4,52.0,42.5
45,2023-Q4,565,14,35,4,98,4,57.4,44.5,39.2
45,2024-Q1,577,15,38,4,106,4,55.1,58.7,44.5
45,2024-Q2,606,16,40,4,112,4,57.6,46.5,44.9
45,2024-Q3,611,16,41,4,114,4,52.2,46.2,46.9
45,2024-Q4,559,16,41,4,114,4,53.4,49.6,46.0
46,2023-Q3,595,25,63,7,176,3,37.2,32.1,93.6
46,2023-Q4,607,26,67,8,187,3,39.2,34.9,96.2
46,2024-Q1,668,27,69,8,193,3,35.1,33.9,100.4
46,2024-Q2,520,22,56,6,156,3,32.4,24.2,82.4
46,2024-Q3,630,26,67,8,187,3,32.5,22.7,98.5
46,2024-Q4,639,26,66,7,184,3,31.8,27.9,98.3
47,2023-Q3,185,7,18,2,50,4,51.7,44.4,131.3
47,2023-Q4,188,6,16,1,44,4,50.8,46.0,129.0
47,2024-Q1,166,6,16,1,44,4,52.5,46.8,117.4
47,2024-Q2,167,6,16,1,44,4,53.4,53.4,114.5
47,2024-Q3,155,5,14,1,39,4,53.9,43.0,106.0
47,2024-Q4,166,5,14,1,39,4,54.0,46.5,113.6
48,2023-Q3,24,1,4,0,11,3,35.0,33.8,23.2
48,2023-Q4,29,2,6,0,16,3,34.7,30.8,29.5
48,2024-Q1,22,1,3,0,8,3,35.5,30.3,22.9
48,2024-Q2,21,1,4,0,11,3,35.0,37.0,21.3
48,2024-Q3,23,1,3,0,8,3,32.0,29.7,25.0
48,2024-Q4,33,2,5,0,14,3,25.9,23.1,31.5
49,2023-Q3,226,2,6,0,16,5,39.1,38.5,12.9
49,2023-Q4,224,2,5,0,14,5,36.9,35.6,10.6
49,2024-Q1,125,1,4,0,11,5,31.2,29.4,8.3
49,2024-Q2,112,1,3,0,8,5,29.7,18.5,5.7
49,2024-Q3,100,0,2,0,5,5,30.3,26.8,5.0
49,2024-Q4,114,0,2,0,5,5,30.0,26.2,5.0
50,2023-Q3,137,7,18,2,50,4,36.9,29.3,30.3
50,2023-Q4,145,7,18,2,50,4,37.3,34.6,30.1
50,2024-Q1,125,6,17,2,47,4,34.9,37.3,28.4
50,2024-Q2,151,7,19,2,53,4,36.6,38.6,33.1
50,2024-Q3,138,7,18,2,50,4,33.2,28.5,29.4
50,2024-Q4,125,7,19,2,53,4,36.0,26.4,30.4
51,2023-Q3,249,2,5,0,14,6,35.0,30.2,12.9
51,2023-Q4,155,1,3,0,8,6,34.8,29.0,10.2
51,2024-Q1,251,2,5,0,14,6,31.6,30.9,13.5
51,2024-Q2,223,1,4,0,11,6,28.6,31.0,12.3
51,2024-Q3,194,1,4,0,11,6,26.0,21.1,12.6
51,2024-Q4,260,1,4,0,11,6,24.6,25.5,15.8
52,2023-Q3,852,10,26,3,72,6,92.8,83.7,63.8
52,2023-Q4,814,10,25,3,70,6,95.9,83.9,63.2
52,2024-Q1,807,9,23,2,64,6,95.4,84.4,60.7
52,2024-Q2,717,9,23,2,64,6,96.0,85.9,57.6
52,2024-Q3,761,9,24,2,67,6,96.0,84.1,59.0
52,2024-Q4,879,10,26,3,72,6,96.0,83.3,63.0
53,2023-Q3,179,2,5,0,14,5,73.6,62.2,79.2
53,2023-Q4,185,2,7,0,19,5,78.1,73.4,84.0
53,2024-Q1,178,2,5,0,14,5,78.2,70.4,79.7
53,2024-Q2,172,1,3,0,8,5,81.3,72.2,76.3
53,2024-Q3,154,1,4,0,11,5,82.0,73.8,70.1
53,2024-Q4,174,0,2,0,5,5,83.5,73.7,77.8
54,2023-Q3,189,1,4,0,11,5,35.4,33.5,8.8
54,2023-Q4,136,0,2,0,5,5,31.0,23.0,8.5
54,2024-Q1,136,1,4,0,11,5,28.3,23.3,7.7
54,2024-Q2,191,1,4,0,11,5,29.8,27.0,8.0
54,2024-Q3,277,2,6,0,16,5,33.7,31.3,14.5
54,2024-Q4,321,2,6,0,16,5,34.6,32.1,11.0
55,2023-Q3,954,14,35,4,98,4,68.5,62.0,40.3
55,2023-Q4,914,12,31,3,86,4,66.0,63.9,37.5
55,2024-Q1,987,13,33,3,92,4,60.9,54.7,41.5
55,2024-Q2,1115,15,39,4,109,4,53.5,48.2,48.9
55,2024-Q3,1203,17,43,5,120,4,50.0,48.3,51.1
55,2024-Q4,1119,14,37,4,103,4,45.4,40.6,47.7
56,2023-Q3,417,14,37,4,103,4,68.6,58.9,52.2
56,2023-Q4,421,14,36,4,100,4,69.4,57.2,49.8
56,2024-Q1,373,13,34,4,95,4,66.7,56.8,47.4
56,2024-Q2,419,14,36,4,100,4,67.5,60.0,49.2
56,2024-Q3,454,15,39,4,109,4,66.3,62.7,55.6
56,2024-Q4,496,17,43,5,120,4,64.2,58.7,60.5
57,2023-Q3,246,2,6,0,16,5,41.6,39.9,23.8
57,2023-Q4,261,2,6,0,16,5,40.8,34.9,26.4
57,2024-Q1,269,2,6,0,16,5,38.3,30.8,30.0
57,2024-Q2,241,2,6,0,16,5,38.7,35.1,26.2
57,2024-Q3,251,2,7,0,19,5,39.8,36.4,29.0
57,2024-Q4,240,1,4,0,11,5,42.2,39.6,26.9
58,2023-Q3,566,6,17,2,47,6,74.1,69.0,23.5
58,2023-Q4,644,8,20,2,56,6,80.0,69.8,26.6
58,2024-Q1,815,10,27,3,75,6,81.8,73.9,36.4
58,2024-Q2,936,12,30,3,84,6,80.0,71.7,40.0
58,2024-Q3,646,7,19,2,53,6,79.4,58.3,25.1
58,2024-Q4,482,7,19,2,53,6,81.4,76.7,24.2
59,2023-Q3,328,5,13,1,36,5,65.2,57.6,55.9
59,2023-Q4,339,4,10,1,28,5,63.9,56.7,53.9
59,2024-Q1,279,4,11,1,30,5,63.7,59.1,47.3
59,2024-Q2,300,2,7,0,19,5,64.9,59.5,48.9
59,2024-Q3,298,4,11,1,30,5,63.9,57.5,49.8
59,2024-Q4,296,4,11,1,30,5,63.7,61.4,53.2
60,2023-Q3,556,18,47,5,131,4,58.5,52.5,106.2
60,2023-Q4,575,19,49,5,137,4,57.6,48.9,108.5
60,2024-Q1,629,21,53,6,148,4,57.7,51.0,116.7
60,2024-Q2,679,22,57,6,159,4,50.4,47.7,126.3
60,2024-Q3,728,24,60,7,168,4,54.7,43.6,136.1
60,2024-Q4,748,24,61,7,170,4,55.3,49.3,139.8
61,2023-Q3,1421,19,48,5,134,5,55.0,49.5,79.1
61,2023-Q4,1766,23,59,7,165,5,59.3,58.5,98.1
61,2024-Q1,1427,18,46,5,128,5,60.0,55.6,78.1
61,2024-Q2,1618,19,49,5,137,5,65.2,54.9,85.1
61,2024-Q3,1663,22,55,6,154,5,65.9,54.5,92.5
61,2024-Q4,1549,19,48,5,134,5,66.2,63.3,84.7
62,2023-Q3,36,0,1,0,2,5,55.6,45.6,19.3
62,2023-Q4,30,0,0,0,0,5,55.5,51.6,14.8
62,2024-Q1,31,0,1,0,2,5,58.2,49.4,16.3
62,2024-Q2,25,0,0,0,0,5,58.7,54.4,11.9
62,2024-Q3,35,0,2,0,5,5,58.8,51.0,17.7
62,2024-Q4,18,0,2,0,5,5,58.0,52.1,11.8
63,2023-Q3,1266,18,46,5,128,4,63.0,59.1,55.2
63,2023-Q4,1185,17,43,5,120,4,62.9,59.6,49.2
63,2024-Q1,1097,16,40,4,112,4,62.8,55.8,45.8
63,2024-Q2,889,13,33,3,92,4,59.1,49.2,36.8
63,2024-Q3,890,12,31,3,86,4,55.7,52.4,38.1
63,2024-Q4,822,11,29,3,81,4,52.0,43.6,33.5
64,2023-Q3,2846,32,80,9,224,5,75.6,60.2,89.8
64,2023-Q4,2674,29,73,8,204,5,73.7,71.5,82.8
64,2024-Q1,2609,28,72,8,201,5,75.9,70.8,81.9
64,2024-Q2,2487,26,67,8,187,5,76.6,73.2,77.4
64,2024-Q3,2763,30,75,9,210,5,75.6,68.0,84.7
64,2024-Q4,2766,30,76,9,212,5,75.9,68.2,86.0
65,2023-Q3,69,0,2,0,5,5,65.8,60.9,43.0
65,2023-Q4,61,2,6,0,16,5,63.2,58.7,38.0
65,2024-Q1,61,2,5,0,14,5,61.1,55.3,39.3
65,2024-Q2,73,1,4,0,11,5,55.8,49.5,43.4
65,2024-Q3,69,2,5,0,14,5,52.2,47.2,42.7
65,2024-Q4,62,1,4,0,11,5,49.9,45.2,41.4
66,2023-Q3,3105,37,93,11,260,6,86.8,76.8,131.0
66,2023-Q4,3097,36,91,10,254,6,88.2,81.6,132.3
66,2024-Q1,3631,42,106,12,296,6,88.4,80.7,154.5
66,2024-Q2,3680,42,106,12,296,6,90.4,81.4,154.7
66,2024-Q3,3296,38,95,11,266,6,91.1,79.0,137.2
66,2024-Q4,3462,41,103,12,288,6,92.6,75.3,147.3
67,2023-Q3,216,2,5,0,14,5,37.8,31.0,7.5
67,2023-Q4,209,2,7,0,19,5,40.4,38.3,8.3
67,2024-Q1,315,3,8,0,22,5,42.8,32.6,11.7
67,2024-Q2,292,3,8,0,22,5,41.9,36.0,10.5
67,2024-Q3,190,2,5,0,14,5,40.2,33.5,9.4
67,2024-Q4,430,4,10,1,28,5,42.2,41.8,14.3
68,2023-Q3,630,8,22,2,61,6,73.3,70.5,80.2
68,2023-Q4,633,8,21,2,58,6,73.2,66.4,82.6
68,2024-Q1,702,9,24,2,67,6,73.3,68.4,87.4
68,2024-Q2,677,8,21,2,58,6,72.4,67.1,83.4
68,2024-Q3,620,8,20,2,56,6,72.9,65.4,81.9
68,2024-Q4,612,7,18,2,50,6,74.5,71.3,77.0
69,2023-Q3,795,22,57,6,159,4,64.9,58.1,65.7
69,2023-Q4,922,25,64,7,179,4,65.1,60.2,75.6
69,2024-Q1,810,21,54,6,151,4,63.1,61.2,64.9
69,2024-Q2,784,22,55,6,154,4,59.7,52.7,64.6
69,2024-Q3,747,20,52,6,145,4,61.2,57.5,61.9
69,2024-Q4,736,20,52,6,145,4,60.2,48.4,60.9
70,2023-Q3,121,1,3,0,8,5,55.8,49.3,22.1
70,2023-Q4,123,2,6,0,16,5,54.3,48.9,23.1
70,2024-Q1,114,1,3,0,8,5,57.2,48.0,20.3
70,2024-Q2,80,0,2,0,5,5,58.2,53.5,14.4
70,2024-Q3,101,1,4,0,11,5,58.9,52.6,20.4
70,2024-Q4,134,1,4,0,11,5,58.2,52.5,25.6
71,2023-Q3,174,1,4,0,11,4,50.2,48.5,30.0
71,2023-Q4,204,2,7,0,19,4,44.1,40.1,36.3
71,2024-Q1,201,2,7,0,19,4,46.6,45.0,36.7
71,2024-Q2,193,2,6,0,16,4,49.1,39.8,35.7
71,2024-Q3,217,3,8,0,22,4,52.8,54.5,37.7
71,2024-Q4,200,2,7,0,19,4,52.8,43.6,35.5
72,2023-Q3,229,6,16,1,44,4,46.0,42.8,32.9
72,2023-Q4,237,6,16,1,44,4,49.3,43.5,34.5
72,2024-Q1,251,7,19,2,53,4,54.8,45.6,40.0
72,2024-Q2,261,7,19,2,53,4,61.8,55.7,40.1
72,2024-Q3,262,8,20,2,56,4,66.3,59.1,42.4
72,2024-Q4,224,6,17,2,47,4,72.2,63.8,36.0
73,2023-Q3,229,7,19,2,53,4,62.5,54.6,63.2
73,2023-Q4,249,7,18,2,50,4,59.4,47.0,64.9
73,2024-Q1,257,7,19,2,53,4,60.2,53.2,71.4
73,2024-Q2,277,7,18,2,50,4,56.1,48.6,73.0
73,2024-Q3,314,8,20,2,56,4,54.9,49.3,80.4
73,2024-Q4,317,8,22,2,61,4,55.8,51.2,83.6
74,2023-Q3,322,8,20,2,56,4,57.7,53.7,32.8
74,2023-Q4,315,8,22,2,61,4,61.0,55.6,35.0
74,2024-Q1,376,9,23,2,64,4,64.0,57.3,36.2
74,2024-Q2,439,11,29,3,81,4,67.0,61.3,45.7
74,2024-Q3,479,12,32,3,89,4,75.8,65.0,50.9
74,2024-Q4,568,15,38,4,106,4,78.0,72.4,57.8
75,2023-Q3,1607,20,52,6,145,5,87.5,74.8,73.1
75,2023-Q4,1636,20,51,6,142,5,85.4,81.9,72.3
75,2024-Q1,1760,22,55,6,154,5,87.0,76.6,77.1
75,2024-Q2,1625,20,51,6,142,5,85.5,83.5,73.7
75,2024-Q3,1651,21,54,6,151,5,87.8,77.9,75.8
75,2024-Q4,1474,18,47,5,131,5,87.6,78.2,66.8
76,2023-Q3,131,3,8,0,22,5,63.8,56.0,60.5
76,2023-Q4,150,4,11,1,30,5,61.2,56.7,70.7
76,2024-Q1,144,4,10,1,28,5,59.9,49.9,69.4
76,2024-Q2,158,5,13,1,36,5,54.0,52.6,77.5
76,2024-Q3,155,4,10,1,28,5,51.0,41.8,77.1
76,2024-Q4,173,5,13,1,36,5,53.2,43.6,82.7
77,2023-Q3,240,8,21,2,58,4,54.8,51.5,37.2
77,2023-Q4,252,9,23,2,64,4,54.9,46.1,42.2
77,2024-Q1,255,9,24,2,67,4,55.9,45.7,43.8
77,2024-Q2,279,10,25,3,70,4,59.1,50.8,46.2
77,2024-Q3,328,11,28,3,78,4,61.2,53.2,53.4
77,2024-Q4,324,11,28,3,78,4,64.3,48.8,53.5
78,2023-Q3,283,7,18,2,50,4,52.4,42.7,102.2
78,2023-Q4,258,6,17,2,47,4,54.2,47.6,94.4
78,2024-Q1,246,6,17,2,47,4,56.0,50.8,87.8
78,2024-Q2,243,6,15,1,42,4,57.8,49.6,86.6
78,2024-Q3,277,8,20,2,56,4,63.1,55.1,103.7
78,2024-Q4,328,8,22,2,61,4,64.0,59.6,115.9
79,2023-Q3,385,10,27,3,75,5,60.7,54.1,47.3
79,2023-Q4,395,11,28,3,78,5,58.7,51.6,46.1
79,2024-Q1,335,11,29,3,81,5,62.8,56.1,45.2
79,2024-Q2,359,11,28,3,78,5,63.1,56.9,46.4
79,2024-Q3,344,10,25,3,70,5,63.2,59.7,42.9
79,2024-Q4,342,10,25,3,70,5,62.8,55.3,42.8
80,2023-Q3,295,3,8,0,22,5,40.3,35.3,45.4
80,2023-Q4,306,4,10,1,28,5,39.3,39.9,49.6
80,2024-Q1,290,4,11,1,30,5,39.1,27.8,48.8
80,2024-Q2,252,3,9,1,25,5,37.9,35.0,42.9
80,2024-Q3,232,3,8,0,22,5,41.0,41.1,37.4
80,2024-Q4,238,3,9,1,25,5,38.3,34.2,37.7
