village_id,quarter,sub_centres_count,phc_count,chc_count,mmu_count,doctors_sanctioned,doctors_in_position,nurses_sanctioned,nurses_in_position,anms_in_position,ashas_linked,beds_total,monthly_capacity_total
1,2023-Q3,1,0,0,0,1,0,2,1,1,8,0,220
1,2023-Q4,1,0,0,0,1,0,2,1,1,8,0,220
1,2024-Q1,1,0,0,0,1,0,2,1,1,8,0,220
1,2024-Q2,1,0,0,0,1,0,2,1,1,8,0,220
1,2024-Q3,1,0,0,0,1,0,2,1,1,8,0,220
1,2024-Q4,1,0,0,0,1,0,2,1,1,8,0,220
2,2023-Q3,0,1,0,0,2,1,4,2,1,6,6,368
2,2023-Q4,0,1,0,0,2,1,4,2,1,6,6,368
2,2024-Q1,0,1,0,0,2,1,4,2,1,6,6,368
2,2024-Q2,0,1,0,0,2,1,4,2,1,6,6,368
2,2024-Q3,0,1,0,0,2,1,4,2,1,6,6,368
2,2024-Q4,0,1,0,0,2,1,4,2,1,6,6,368
3,2023-Q3,1,0,0,0,1,0,2,2,1,7,0,185
3,2023-Q4,1,0,0,0,1,0,2,2,1,7,0,185
3,2024-Q1,1,0,0,0,1,0,2,2,1,7,0,185
3,2024-Q2,1,0,0,0,1,0,2,2,1,7,0,185
3,2024-Q3,1,0,0,0,1,0,2,2,1,7,0,185
3,2024-Q4,1,0,0,0,1,0,2,2,1,7,0,185
4,2023-Q3,1,0,0,0,1,0,2,0,1,3,0,85
4,2023-Q4,1,0,0,0,1,0,2,0,1,3,0,85
4,2024-Q1,1,0,0,0,1,0,2,0,1,3,0,85
4,2024-Q2,1,0,0,0,1,0,2,0,1,3,0,85
4,2024-Q3,1,0,0,0,1,0,2,0,1,3,0,85
4,2024-Q4,1,0,0,0,1,0,2,0,1,3,0,85
5,2023-Q3,0,1,0,1,2,2,4,3,2,7,6,521
5,2023-Q4,0,1,0,1,2,2,4,3,2,7,6,521
5,2024-Q1,0,1,0,1,2,2,4,3,2,7,6,521
5,2024-Q2,0,1,0,1,2,2,4,3,2,7,6,521
5,2024-Q3,0,1,0,0,2,2,4,3,2,7,6,521
5,2024-Q4,0,1,0,1,2,2,4,3,2,7,6,521
6,2023-Q3,1,0,0,0,1,1,2,1,1,5,0,146
6,2023-Q4,1,0,0,0,1,1,2,1,1,5,0,146
6,2024-Q1,1,0,0,0,1,1,2,1,1,5,0,146
6,2024-Q2,1,0,0,0,1,1,2,1,1,5,0,146
6,2024-Q3,1,0,0,0,1,1,2,1,1,5,0,146
6,2024-Q4,1,0,0,0,1,1,2,1,1,5,0,146
7,2023-Q3,1,0,0,0,1,0,2,1,1,12,0,350
7,2023-Q4,1,0,0,0,1,0,2,1,1,12,0,350
7,2024-Q1,1,0,0,0,1,0,2,1,1,12,0,350
7,2024-Q2,1,0,0,0,1,0,2,1,1,12,0,350
7,2024-Q3,1,0,0,0,1,0,2,1,1,12,0,350
7,2024-Q4,1,0,0,0,1,0,2,1,1,12,0,350
8,2023-Q3,0,0,0,0,1,1,2,1,1,10,0,204
8,2023-Q4,0,0,0,0,1,1,2,1,1,10,0,204
8,2024-Q1,0,0,0,0,1,1,2,1,1,10,0,204
8,2024-Q2,0,0,0,0,1,1,2,1,1,10,0,204
8,2024-Q3,0,0,0,0,1,1,2,1,1,10,0,204
8,2024-Q4,0,0,0,0,1,1,2,1,1,10,0,204
9,2023-Q3,0,1,0,1,2,2,4,3,1,10,6,743
9,2023-Q4,0,1,0,1,2,2,4,3,1,10,6,743
9,2024-Q1,0,1,0,0,2,2,4,3,1,10,6,743
9,2024-Q2,0,1,0,0,2,2,4,3,1,10,6,743
9,2024-Q3,0,1,0,0,2,2,4,3,1,10,6,743
9,2024-Q4,0,1,0,1,2,2,4,3,1,10,6,743
10,2023-Q3,0,1,0,0,2,1,4,2,1,5,6,328
10,2023-Q4,0,1,0,0,2,1,4,2,1,5,6,328
10,2024-Q1,0,1,0,0,2,1,4,2,1,5,6,328
10,2024-Q2,0,1,0,0,2,1,4,2,1,5,6,328
10,2024-Q3,0,1,0,0,2,1,4,2,1,5,6,328
10,2024-Q4,0,1,0,0,2,1,4,2,1,5,6,328
11,2023-Q3,0,1,0,1,2,2,4,3,1,10,6,806
11,2023-Q4,0,1,0,0,2,2,4,3,1,10,6,806
11,2024-Q1,0,1,0,1,2,2,4,3,1,10,6,806
11,2024-Q2,0,1,0,1,2,2,4,3,1,10,6,806
11,2024-Q3,0,1,0,1,2,2,4,3,1,10,6,806
11,2024-Q4,0,1,0,1,2,2,4,3,1,10,6,806
12,2023-Q3,1,0,0,0,1,1,2,1,1,5,0,149
12,2023-Q4,1,0,0,0,1,1,2,1,1,5,0,149
12,2024-Q1,1,0,0,0,1,1,2,1,1,5,0,149
12,2024-Q2,1,0,0,0,1,1,2,1,1,5,0,149
12,2024-Q3,1,0,0,0,1,1,2,1,1,5,0,149
12,2024-Q4,1,0,0,0,1,1,2,1,1,5,0,149
13,2023-Q3,0,1,0,0,2,2,4,3,1,7,6,510
13,2023-Q4,0,1,0,0,2,2,4,3,1,7,6,510
13,2024-Q1,0,1,0,0,2,2,4,3,1,7,6,510
13,2024-Q2,0,1,0,0,2,2,4,3,1,7,6,510
13,2024-Q3,0,1,0,0,2,2,4,3,1,7,6,510
13,2024-Q4,0,1,0,0,2,2,4,3,1,7,6,510
14,2023-Q3,0,1,0,0,2,1,4,3,2,1,6,94
14,2023-Q4,0,1,0,0,2,1,4,3,2,1,6,94
14,2024-Q1,0,1,0,0,2,1,4,3,2,1,6,94
14,2024-Q2,0,1,0,0,2,1,4,3,2,1,6,94
14,2024-Q3,0,1,0,0,2,1,4,3,2,1,6,94
14,2024-Q4,0,1,0,0,2,1,4,3,2,1,6,94
15,2023-Q3,0,1,0,0,2,0,4,2,1,5,6,303
15,2023-Q4,0,1,0,0,2,0,4,2,1,5,6,303
15,2024-Q1,0,1,0,0,2,0,4,2,1,5,6,303
15,2024-Q2,0,1,0,0,2,0,4,2,1,5,6,303
15,2024-Q3,0,1,0,0,2,0,4,2,1,5,6,303
15,2024-Q4,0,1,0,0,2,0,4,2,1,5,6,303
16,2023-Q3,0,1,0,1,2,1,4,3,2,5,6,425
16,2023-Q4,0,1,0,0,2,1,4,3,2,5,6,425
16,2024-Q1,0,1,0,1,2,1,4,3,2,5,6,425
16,2024-Q2,0,1,0,0,2,1,4,3,2,5,6,425
16,2024-Q3,0,1,0,1,2,1,4,3,2,5,6,425
16,2024-Q4,0,1,0,0,2,1,4,3,2,5,6,425
17,2023-Q3,0,0,0,0,1,0,2,1,1,15,0,238
17,2023-Q4,0,0,0,0,1,0,2,1,1,15,0,238
17,2024-Q1,0,0,0,0,1,0,2,1,1,15,0,238
17,2024-Q2,0,0,0,0,1,0,2,1,1,15,0,238
17,2024-Q3,0,0,0,0,1,0,2,1,1,15,0,238
17,2024-Q4,0,0,0,0,1,0,2,1,1,15,0,238
18,2023-Q3,0,1,0,0,2,1,4,3,1,5,6,259
18,2023-Q4,0,1,0,0,2,1,4,3,1,5,6,259
18,2024-Q1,0,1,0,0,2,1,4,3,1,5,6,259
18,2024-Q2,0,1,0,0,2,1,4,3,1,5,6,259
18,2024-Q3,0,1,0,0,2,1,4,3,1,5,6,259
18,2024-Q4,0,1,0,0,2,1,4,3,1,5,6,259
19,2023-Q3,0,1,0,0,2,1,4,3,2,10,6,646
19,2023-Q4,0,1,0,0,2,1,4,3,2,10,6,646
19,2024-Q1,0,1,0,0,2,1,4,3,2,10,6,646
19,2024-Q2,0,1,0,0,2,1,4,3,2,10,6,646
19,2024-Q3,0,1,0,0,2,1,4,3,2,10,6,646
19,2024-Q4,0,1,0,0,2,1,4,3,2,10,6,646
20,2023-Q3,1,0,0,0,1,0,2,2,1,14,0,324
20,2023-Q4,1,0,0,0,1,0,2,2,1,14,0,324
20,2024-Q1,1,0,0,0,1,0,2,2,1,14,0,324
20,2024-Q2,1,0,0,0,1,0,2,2,1,14,0,324
20,2024-Q3,1,0,0,0,1,0,2,2,1,14,0,324
20,2024-Q4,1,0,0,0,1,0,2,2,1,14,0,324
21,2023-Q3,0,1,0,0,2,2,4,3,2,12,6,947
21,2023-Q4,0,1,0,0,2,2,4,3,2,12,6,947
21,2024-Q1,0,1,0,1,2,2,4,3,2,12,6,947
21,2024-Q2,0,1,0,0,2,2,4,3,2,12,6,947
21,2024-Q3,0,1,0,1,2,2,4,3,2,12,6,947
21,2024-Q4,0,1,0,0,2,2,4,3,2,12,6,947
22,2023-Q3,0,1,0,0,2,1,4,3,1,14,6,1230
22,2023-Q4,0,1,0,1,2,1,4,3,1,14,6,1230
22,2024-Q1,0,1,0,0,2,1,4,3,1,14,6,1230
22,2024-Q2,0,1,0,0,2,1,4,3,1,14,6,1230
22,2024-Q3,0,1,0,0,2,1,4,3,1,14,6,1230
22,2024-Q4,0,1,0,0,2,1,4,3,1,14,6,1230
23,2023-Q3,0,1,0,0,2,1,4,2,1,8,6,482
23,2023-Q4,0,1,0,0,2,1,4,2,1,8,6,482
23,2024-Q1,0,1,0,0,2,1,4,2,1,8,6,482
23,2024-Q2,0,1,0,0,2,1,4,2,1,8,6,482
23,2024-Q3,0,1,0,0,2,1,4,2,1,8,6,482
23,2024-Q4,0,1,0,0,2,1,4,2,1,8,6,482
24,2023-Q3,1,0,0,0,1,0,2,1,1,7,0,167
24,2023-Q4,1,0,0,0,1,0,2,1,1,7,0,167
24,2024-Q1,1,0,0,0,1,0,2,1,1,7,0,167
24,2024-Q2,1,0,0,0,1,0,2,1,1,7,0,167
24,2024-Q3,1,0,0,0,1,0,2,1,1,7,0,167
24,2024-Q4,1,0,0,0,1,0,2,1,1,7,0,167
25,2023-Q3,0,1,0,0,2,2,4,3,2,15,6,1024
25,2023-Q4,0,1,0,0,2,2,4,3,2,15,6,1024
25,2024-Q1,0,1,0,0,2,2,4,3,2,15,6,1024
25,2024-Q2,0,1,0,0,2,2,4,3,2,15,6,1024
25,2024-Q3,0,1,0,0,2,2,4,3,2,15,6,1024
25,2024-Q4,0,1,0,0,2,2,4,3,2,15,6,1024
26,2023-Q3,0,1,0,0,2,2,4,3,2,5,6,282
26,2023-Q4,0,1,0,0,2,2,4,3,2,5,6,282
26,2024-Q1,0,1,0,0,2,2,4,3,2,5,6,282
26,2024-Q2,0,1,0,0,2,2,4,3,2,5,6,282
26,2024-Q3,0,1,0,0,2,2,4,3,2,5,6,282
26,2024-Q4,0,1,0,0,2,2,4,3,2,5,6,282
27,2023-Q3,1,0,0,0,1,1,2,2,1,10,0,275
27,2023-Q4,1,0,0,0,1,1,2,2,1,10,0,275
27,2024-Q1,1,0,0,0,1,1,2,2,1,10,0,275
27,2024-Q2,1,0,0,0,1,1,2,2,1,10,0,275
27,2024-Q3,1,0,0,0,1,1,2,2,1,10,0,275
27,2024-Q4,1,0,0,0,1,1,2,2,1,10,0,275
28,2023-Q3,1,0,0,0,1,1,2,1,1,13,0,318
28,2023-Q4,1,0,0,0,1,1,2,1,1,13,0,318
28,2024-Q1,1,0,0,0,1,1,2,1,1,13,0,318
28,2024-Q2,1,0,0,0,1,1,2,1,1,13,0,318
28,2024-Q3,1,0,0,0,1,1,2,1,1,13,0,318
28,2024-Q4,1,0,0,0,1,1,2,1,1,13,0,318
29,2023-Q3,0,1,0,0,2,1,4,3,1,4,6,226
29,2023-Q4,0,1,0,0,2,1,4,3,1,4,6,226
29,2024-Q1,0,1,0,0,2,1,4,3,1,4,6,226
29,2024-Q2,0,1,0,0,2,1,4,3,1,4,6,226
29,2024-Q3,0,1,0,0,2,1,4,3,1,4,6,226
29,2024-Q4,0,1,0,0,2,1,4,3,1,4,6,226
30,2023-Q3,0,1,0,0,2,1,4,2,1,6,6,318
30,2023-Q4,0,1,0,0,2,1,4,2,1,6,6,318
30,2024-Q1,0,1,0,0,2,1,4,2,1,6,6,318
30,2024-Q2,0,1,0,0,2,1,4,2,1,6,6,318
30,2024-Q3,0,1,0,0,2,1,4,2,1,6,6,318
30,2024-Q4,0,1,0,0,2,1,4,2,1,6,6,318
31,2023-Q3,0,1,0,0,2,1,4,2,1,8,6,425
31,2023-Q4,0,1,0,0,2,1,4,2,1,8,6,425
31,2024-Q1,0,1,0,0,2,1,4,2,1,8,6,425
31,2024-Q2,0,1,0,0,2,1,4,2,1,8,6,425
31,2024-Q3,0,1,0,0,2,1,4,2,1,8,6,425
31,2024-Q4,0,1,0,0,2,1,4,2,1,8,6,425
32,2023-Q3,1,0,0,0,1,0,2,1,1,2,0,43
32,2023-Q4,1,0,0,0,1,0,2,1,1,2,0,43
32,2024-Q1,1,0,0,0,1,0,2,1,1,2,0,43
32,2024-Q2,1,0,0,0,1,0,2,1,1,2,0,43
32,2024-Q3,1,0,0,0,1,0,2,1,1,2,0,43
32,2024-Q4,1,0,0,0,1,0,2,1,1,2,0,43
33,2023-Q3,0,0,0,0,1,0,2,0,1,10,0,198
33,2023-Q4,0,0,0,0,1,0,2,0,1,10,0,198
33,2024-Q1,0,0,0,0,1,0,2,0,1,10,0,198
33,2024-Q2,0,0,0,0,1,0,2,0,1,10,0,198
33,2024-Q3,0,0,0,0,1,0,2,0,1,10,0,198
33,2024-Q4,0,0,0,0,1,0,2,0,1,10,0,198
34,2023-Q3,1,0,0,0,1,0,2,1,1,14,0,397
34,2023-Q4,1,0,0,0,1,0,2,1,1,14,0,397
34,2024-Q1,1,0,0,0,1,0,2,1,1,14,0,397
34,2024-Q2,1,0,0,0,1,0,2,1,1,14,0,397
34,2024-Q3,1,0,0,0,1,0,2,1,1,14,0,397
34,2024-Q4,1,0,0,0,1,0,2,1,1,14,0,397
35,2023-Q3,1,0,0,0,1,1,2,2,1,1,0,23
35,2023-Q4,1,0,0,0,1,1,2,2,1,1,0,23
35,2024-Q1,1,0,0,0,1,1,2,2,1,1,0,23
35,2024-Q2,1,0,0,0,1,1,2,2,1,1,0,23
35,2024-Q3,1,0,0,0,1,1,2,2,1,1,0,23
35,2024-Q4,1,0,0,0,1,1,2,2,1,1,0,23
36,2023-Q3,0,1,0,0,2,2,4,3,2,13,6,871
36,2023-Q4,0,1,0,0,2,2,4,3,2,13,6,871
36,2024-Q1,0,1,0,0,2,2,4,3,2,13,6,871
36,2024-Q2,0,1,0,0,2,2,4,3,2,13,6,871
36,2024-Q3,0,1,0,0,2,2,4,3,2,13,6,871
36,2024-Q4,0,1,0,0,2,2,4,3,2,13,6,871
37,2023-Q3,0,1,0,1,2,1,4,3,2,5,6,390
37,2023-Q4,0,1,0,1,2,1,4,3,2,5,6,390
37,2024-Q1,0,1,0,1,2,1,4,3,2,5,6,390
37,2024-Q2,0,1,0,0,2,1,4,3,2,5,6,390
37,2024-Q3,0,1,0,0,2,1,4,3,2,5,6,390
37,2024-Q4,0,1,0,0,2,1,4,3,2,5,6,390
38,2023-Q3,1,0,0,0,1,1,2,1,1,15,0,362
38,2023-Q4,1,0,0,0,1,1,2,1,1,15,0,362
38,2024-Q1,1,0,0,0,1,1,2,1,1,15,0,362
38,2024-Q2,1,0,0,0,1,1,2,1,1,15,0,362
38,2024-Q3,1,0,0,0,1,1,2,1,1,15,0,362
38,2024-Q4,1,0,0,0,1,1,2,1,1,15,0,362
39,2023-Q3,0,1,0,0,2,2,4,3,2,13,6,1011
39,2023-Q4,0,1,0,0,2,2,4,3,2,13,6,1011
39,2024-Q1,0,1,0,1,2,2,4,3,2,13,6,1011
39,2024-Q2,0,1,0,0,2,2,4,3,2,13,6,1011
39,2024-Q3,0,1,0,1,2,2,4,3,2,13,6,1011
39,2024-Q4,0,1,0,0,2,2,4,3,2,13,6,1011
40,2023-Q3,0,0,0,0,1,0,2,0,1,8,0,107
40,2023-Q4,0,0,0,0,1,0,2,0,1,8,0,107
40,2024-Q1,0,0,0,0,1,0,2,0,1,8,0,107
40,2024-Q2,0,0,0,0,1,0,2,0,1,8,0,107
40,2024-Q3,0,0,0,0,1,0,2,0,1,8,0,107
40,2024-Q4,0,0,0,0,1,0,2,0,1,8,0,107
41,2023-Q3,0,1,0,0,2,1,4,1,1,14,6,768
41,2023-Q4,0,1,0,0,2,1,4,1,1,14,6,768
41,2024-Q1,0,1,0,0,2,1,4,1,1,14,6,768
41,2024-Q2,0,1,0,0,2,1,4,1,1,14,6,768
41,2024-Q3,0,1,0,0,2,1,4,1,1,14,6,768
41,2024-Q4,0,1,0,0,2,1,4,1,1,14,6,768
42,2023-Q3,0,0,0,0,1,0,2,1,1,2,0,22
42,2023-Q4,0,0,0,0,1,0,2,1,1,2,0,22
42,2024-Q1,0,0,0,0,1,0,2,1,1,2,0,22
42,2024-Q2,0,0,0,0,1,0,2,1,1,2,0,22
42,2024-Q3,0,0,0,0,1,0,2,1,1,2,0,22
42,2024-Q4,0,0,0,0,1,0,2,1,1,2,0,22
43,2023-Q3,0,1,0,0,2,1,4,2,1,4,6,216
43,2023-Q4,0,1,0,0,2,1,4,2,1,4,6,216
43,2024-Q1,0,1,0,0,2,1,4,2,1,4,6,216
43,2024-Q2,0,1,0,0,2,1,4,2,1,4,6,216
43,2024-Q3,0,1,0,0,2,1,4,2,1,4,6,216
43,2024-Q4,0,1,0,0,2,1,4,2,1,4,6,216
44,2023-Q3,0,0,0,0,1,0,2,0,1,11,0,184
44,2023-Q4,0,0,0,0,1,0,2,0,1,11,0,184
44,2024-Q1,0,0,0,0,1,0,2,0,1,11,0,184
44,2024-Q2,0,0,0,0,1,0,2,0,1,11,0,184
44,2024-Q3,0,0,0,0,1,0,2,0,1,11,0,184
44,2024-Q4,0,0,0,0,1,0,2,0,1,11,0,184
45,2023-Q3,1,0,0,0,1,0,2,1,1,15,0,442
45,2023-Q4,1,0,0,0,1,0,2,1,1,15,0,442
45,2024-Q1,1,0,0,0,1,0,2,1,1,15,0,442
45,2024-Q2,1,0,0,0,1,0,2,1,1,15,0,442
45,2024-Q3,1,0,0,0,1,0,2,1,1,15,0,442
45,2024-Q4,1,0,0,0,1,0,2,1,1,15,0,442
46,2023-Q3,0,0,0,0,1,1,2,0,1,11,0,217
46,2023-Q4,0,0,0,0,1,1,2,0,1,11,0,217
46,2024-Q1,0,0,0,0,1,1,2,0,1,11,0,217
46,2024-Q2,0,0,0,0,1,1,2,0,1,11,0,217
46,2024-Q3,0,0,0,0,1,1,2,0,1,11,0,217
46,2024-Q4,0,0,0,0,1,1,2,0,1,11,0,217
47,2023-Q3,0,0,0,0,1,1,2,1,1,2,0,48
47,2023-Q4,0,0,0,0,1,1,2,1,1,2,0,48
47,2024-Q1,0,0,0,0,1,1,2,1,1,2,0,48
47,2024-Q2,0,0,0,0,1,1,2,1,1,2,0,48
47,2024-Q3,0,0,0,0,1,1,2,1,1,2,0,48
47,2024-Q4,0,0,0,0,1,1,2,1,1,2,0,48
48,2023-Q3,0,0,0,0,1,0,2,1,1,3,0,34
48,2023-Q4,0,0,0,0,1,0,2,1,1,3,0,34
48,2024-Q1,0,0,0,0,1,0,2,1,1,3,0,34
48,2024-Q2,0,0,0,0,1,0,2,1,1,3,0,34
48,2024-Q3,0,0,0,0,1,0,2,1,1,3,0,34
48,2024-Q4,0,0,0,0,1,0,2,1,1,3,0,34
49,2023-Q3,0,1,0,0,2,1,4,2,1,9,6,602
49,2023-Q4,0,1,0,0,2,1,4,2,1,9,6,602
49,2024-Q1,0,1,0,0,2,1,4,2,1,9,6,602
49,2024-Q2,0,1,0,0,2,1,4,2,1,9,6,602
49,2024-Q3,0,1,0,0,2,1,4,2,1,9,6,602
49,2024-Q4,0,1,0,0,2,1,4,2,1,9,6,602
50,2023-Q3,0,0,0,0,1,0,2,0,1,11,0,151
50,2023-Q4,0,0,0,0,1,0,2,0,1,11,0,151
50,2024-Q1,0,0,0,0,1,0,2,0,1,11,0,151
50,2024-Q2,0,0,0,0,1,0,2,0,1,11,0,151
50,2024-Q3,0,0,0,0,1,0,2,0,1,11,0,151
50,2024-Q4,0,0,0,0,1,0,2,0,1,11,0,151
51,2023-Q3,0,1,0,0,2,2,4,3,2,7,6,553
51,2023-Q4,0,1,0,1,2,2,4,3,2,7,6,553
51,2024-Q1,0,1,0,1,2,2,4,3,2,7,6,553
51,2024-Q2,0,1,0,0,2,2,4,3,2,7,6,553
51,2024-Q3,0,1,0,0,2,2,4,3,2,7,6,553
51,2024-Q4,0,1,0,0,2,2,4,3,2,7,6,553
52,2023-Q3,0,1,0,0,2,1,4,4,2,7,6,449
52,2023-Q4,0,1,0,0,2,1,4,4,2,7,6,449
52,2024-Q1,0,1,0,0,2,1,4,4,2,7,6,449
52,2024-Q2,0,1,0,0,2,1,4,4,2,7,6,449
52,2024-Q3,0,1,0,0,2,1,4,4,2,7,6,449
52,2024-Q4,0,1,0,0,2,1,4,4,2,7,6,449
53,2023-Q3,0,1,0,0,2,1,4,2,1,1,6,75
53,2023-Q4,0,1,0,0,2,1,4,2,1,1,6,75
53,2024-Q1,0,1,0,0,2,1,4,2,1,1,6,75
53,2024-Q2,0,1,0,0,2,1,4,2,1,1,6,75
53,2024-Q3,0,1,0,0,2,1,4,2,1,1,6,75
53,2024-Q4,0,1,0,0,2,1,4,2,1,1,6,75
54,2023-Q3,0,1,0,0,2,2,4,3,1,8,6,656
54,2023-Q4,0,1,0,1,2,2,4,3,1,8,6,656
54,2024-Q1,0,1,0,1,2,2,4,3,1,8,6,656
54,2024-Q2,0,1,0,1,2,2,4,3,1,8,6,656
54,2024-Q3,0,1,0,1,2,2,4,3,1,8,6,656
54,2024-Q4,0,1,0,0,2,2,4,3,1,8,6,656
55,2023-Q3,0,1,0,0,2,0,4,1,1,14,6,778
55,2023-Q4,0,1,0,0,2,0,4,1,1,14,6,778
55,2024-Q1,0,1,0,0,2,0,4,1,1,14,6,778
55,2024-Q2,0,1,0,0,2,0,4,1,1,14,6,778
55,2024-Q3,0,1,0,0,2,0,4,1,1,14,6,778
55,2024-Q4,0,1,0,0,2,0,4,1,1,14,6,778
56,2023-Q3,1,0,0,0,1,0,2,1,1,12,0,278
56,2023-Q4,1,0,0,0,1,0,2,1,1,12,0,278
56,2024-Q1,1,0,0,0,1,0,2,1,1,12,0,278
56,2024-Q2,1,0,0,0,1,0,2,1,1,12,0,278
56,2024-Q3,1,0,0,0,1,0,2,1,1,12,0,278
56,2024-Q4,1,0,0,0,1,0,2,1,1,12,0,278
57,2023-Q3,0,1,0,1,2,1,4,3,1,4,6,315
57,2023-Q4,0,1,0,1,2,1,4,3,1,4,6,315
57,2024-Q1,0,1,0,0,2,1,4,3,1,4,6,315
57,2024-Q2,0,1,0,0,2,1,4,3,1,4,6,315
57,2024-Q3,0,1,0,0,2,1,4,3,1,4,6,315
57,2024-Q4,0,1,0,1,2,1,4,3,1,4,6,315
58,2023-Q3,0,1,0,0,2,2,4,3,2,13,6,793
58,2023-Q4,0,1,0,0,2,2,4,3,2,13,6,793
58,2024-Q1,0,1,0,0,2,2,4,3,2,13,6,793
58,2024-Q2,0,1,0,0,2,2,4,3,2,13,6,793
58,2024-Q3,0,1,0,0,2,2,4,3,2,13,6,793
58,2024-Q4,0,1,0,0,2,2,4,3,2,13,6,793
59,2023-Q3,0,1,0,0,2,1,4,2,1,3,6,199
59,2023-Q4,0,1,0,0,2,1,4,2,1,3,6,199
59,2024-Q1,0,1,0,0,2,1,4,2,1,3,6,199
59,2024-Q2,0,1,0,0,2,1,4,2,1,3,6,199
59,2024-Q3,0,1,0,0,2,1,4,2,1,3,6,199
59,2024-Q4,0,1,0,0,2,1,4,2,1,3,6,199
60,2023-Q3,1,0,0,0,1,1,2,1,1,7,0,178
60,2023-Q4,1,0,0,0,1,1,2,1,1,7,0,178
60,2024-Q1,1,0,0,0,1,1,2,1,1,7,0,178
60,2024-Q2,1,0,0,0,1,1,2,1,1,7,0,178
60,2024-Q3,1,0,0,0,1,1,2,1,1,7,0,178
60,2024-Q4,1,0,0,0,1,1,2,1,1,7,0,178
61,2023-Q3,0,1,0,0,2,1,4,2,1,10,6,602
61,2023-Q4,0,1,0,0,2,1,4,2,1,10,6,602
61,2024-Q1,0,1,0,0,2,1,4,2,1,10,6,602
61,2024-Q2,0,1,0,0,2,1,4,2,1,10,6,602
61,2024-Q3,0,1,0,0,2,1,4,2,1,10,6,602
61,2024-Q4,0,1,0,0,2,1,4,2,1,10,6,602
62,2023-Q3,1,0,0,0,1,1,2,2,1,2,0,65
62,2023-Q4,1,0,0,0,1,1,2,2,1,2,0,65
62,2024-Q1,1,0,0,0,1,1,2,2,1,2,0,65
62,2024-Q2,1,0,0,0,1,1,2,2,1,2,0,65
62,2024-Q3,1,0,0,0,1,1,2,2,1,2,0,65
62,2024-Q4,1,0,0,0,1,1,2,2,1,2,0,65
63,2023-Q3,0,1,0,0,2,1,4,2,1,14,6,790
63,2023-Q4,0,1,0,0,2,1,4,2,1,14,6,790
63,2024-Q1,0,1,0,0,2,1,4,2,1,14,6,790
63,2024-Q2,0,1,0,0,2,1,4,2,1,14,6,790
63,2024-Q3,0,1,0,0,2,1,4,2,1,14,6,790
63,2024-Q4,0,1,0,0,2,1,4,2,1,14,6,790
64,2023-Q3,0,1,0,0,2,1,4,2,1,15,6,1072
64,2023-Q4,0,1,0,0,2,1,4,2,1,15,6,1072
64,2024-Q1,0,1,0,0,2,1,4,2,1,15,6,1072
64,2024-Q2,0,1,0,0,2,1,4,2,1,15,6,1072
64,2024-Q3,0,1,0,0,2,1,4,2,1,15,6,1072
64,2024-Q4,0,1,0,0,2,1,4,2,1,15,6,1072
65,2023-Q3,1,0,0,0,1,1,2,2,1,2,0,53
65,2023-Q4,1,0,0,0,1,1,2,2,1,2,0,53
65,2024-Q1,1,0,0,0,1,1,2,2,1,2,0,53
65,2024-Q2,1,0,0,0,1,1,2,2,1,2,0,53
65,2024-Q3,1,0,0,0,1,1,2,2,1,2,0,53
65,2024-Q4,1,0,0,0,1,1,2,2,1,2,0,53
66,2023-Q3,0,1,0,0,2,1,4,3,2,12,6,784
66,2023-Q4,0,1,0,0,2,1,4,3,2,12,6,784
66,2024-Q1,0,1,0,0,2,1,4,3,2,12,6,784
66,2024-Q2,0,1,0,0,2,1,4,3,2,12,6,784
66,2024-Q3,0,1,0,0,2,1,4,3,2,12,6,784
66,2024-Q4,0,1,0,0,2,1,4,3,2,12,6,784
67,2023-Q3,0,1,0,1,2,2,4,3,1,12,6,906
67,2023-Q4,0,1,0,0,2,2,4,3,1,12,6,906
67,2024-Q1,0,1,0,0,2,2,4,3,1,12,6,906
67,2024-Q2,0,1,0,0,2,2,4,3,1,12,6,906
67,2024-Q3,0,1,0,1,2,2,4,3,1,12,6,906
67,2024-Q4,0,1,0,1,2,2,4,3,1,12,6,906
68,2023-Q3,0,1,0,0,2,2,4,3,2,4,6,266
68,2023-Q4,0,1,0,0,2,2,4,3,2,4,6,266
68,2024-Q1,0,1,0,0,2,2,4,3,2,4,6,266
68,2024-Q2,0,1,0,0,2,2,4,3,2,4,6,266
68,2024-Q3,0,1,0,0,2,2,4,3,2,4,6,266
68,2024-Q4,0,1,0,0,2,2,4,3,2,4,6,266
69,2023-Q3,1,0,0,0,1,1,2,1,1,14,0,408
69,2023-Q4,1,0,0,0,1,1,2,1,1,14,0,408
69,2024-Q1,1,0,0,0,1,1,2,1,1,14,0,408
69,2024-Q2,1,0,0,0,1,1,2,1,1,14,0,408
69,2024-Q3,1,0,0,0,1,1,2,1,1,14,0,408
69,2024-Q4,1,0,0,0,1,1,2,1,1,14,0,408
70,2023-Q3,0,1,0,0,2,1,4,3,1,3,6,172
70,2023-Q4,0,1,0,0,2,1,4,3,1,3,6,172
70,2024-Q1,0,1,0,0,2,1,4,3,1,3,6,172
70,2024-Q2,0,1,0,0,2,1,4,3,1,3,6,172
70,2024-Q3,0,1,0,0,2,1,4,3,1,3,6,172
70,2024-Q4,0,1,0,0,2,1,4,3,1,3,6,172
71,2023-Q3,0,1,0,0,2,0,4,2,1,4,6,192
71,2023-Q4,0,1,0,0,2,0,4,2,1,4,6,192
71,2024-Q1,0,1,0,0,2,0,4,2,1,4,6,192
71,2024-Q2,0,1,0,0,2,0,4,2,1,4,6,192
71,2024-Q3,0,1,0,0,2,0,4,2,1,4,6,192
71,2024-Q4,0,1,0,0,2,0,4,2,1,4,6,192
72,2023-Q3,1,0,0,0,1,0,2,1,1,8,0,214
72,2023-Q4,1,0,0,0,1,0,2,1,1,8,0,214
72,2024-Q1,1,0,0,0,1,0,2,1,1,8,0,214
72,2024-Q2,1,0,0,0,1,0,2,1,1,8,0,214
72,2024-Q3,1,0,0,0,1,0,2,1,1,8,0,214
72,2024-Q4,1,0,0,0,1,0,2,1,1,8,0,214
73,2023-Q3,1,0,0,0,1,0,2,2,1,4,0,127
73,2023-Q4,1,0,0,0,1,0,2,2,1,4,0,127
73,2024-Q1,1,0,0,0,1,0,2,2,1,4,0,127
73,2024-Q2,1,0,0,0,1,0,2,2,1,4,0,127
73,2024-Q3,1,0,0,0,1,0,2,2,1,4,0,127
73,2024-Q4,1,0,0,0,1,0,2,2,1,4,0,127
74,2023-Q3,1,0,0,0,1,1,2,1,1,11,0,320
74,2023-Q4,1,0,0,0,1,1,2,1,1,11,0,320
74,2024-Q1,1,0,0,0,1,1,2,1,1,11,0,320
74,2024-Q2,1,0,0,0,1,1,2,1,1,11,0,320
74,2024-Q3,1,0,0,0,1,1,2,1,1,11,0,320
74,2024-Q4,1,0,0,0,1,1,2,1,1,11,0,320
75,2023-Q3,0,1,0,0,2,1,4,3,1,12,6,752
75,2023-Q4,0,1,0,0,2,1,4,3,1,12,6,752
75,2024-Q1,0,1,0,0,2,1,4,3,1,12,6,752
75,2024-Q2,0,1,0,0,2,1,4,3,1,12,6,752
75,2024-Q3,0,1,0,0,2,1,4,3,1,12,6,752
75,2024-Q4,0,1,0,0,2,1,4,3,1,12,6,752
76,2023-Q3,1,0,0,0,1,1,2,1,1,3,0,69
76,2023-Q4,1,0,0,0,1,1,2,1,1,3,0,69
76,2024-Q1,1,0,0,0,1,1,2,1,1,3,0,69
76,2024-Q2,1,0,0,0,1,1,2,1,1,3,0,69
76,2024-Q3,1,0,0,0,1,1,2,1,1,3,0,69
76,2024-Q4,1,0,0,0,1,1,2,1,1,3,0,69
77,2023-Q3,0,0,0,0,1,0,2,0,1,9,0,203
77,2023-Q4,0,0,0,0,1,0,2,0,1,9,0,203
77,2024-Q1,0,0,0,0,1,0,2,0,1,9,0,203
77,2024-Q2,0,0,0,0,1,0,2,0,1,9,0,203
77,2024-Q3,0,0,0,0,1,0,2,0,1,9,0,203
77,2024-Q4,0,0,0,0,1,0,2,0,1,9,0,203
78,2023-Q3,1,0,0,0,1,1,2,1,1,3,0,93
78,2023-Q4,1,0,0,0,1,1,2,1,1,3,0,93
78,2024-Q1,1,0,0,0,1,1,2,1,1,3,0,93
78,2024-Q2,1,0,0,0,1,1,2,1,1,3,0,93
78,2024-Q3,1,0,0,0,1,1,2,1,1,3,0,93
78,2024-Q4,1,0,0,0,1,1,2,1,1,3,0,93
79,2023-Q3,1,0,0,0,1,1,2,0,1,10,0,269
79,2023-Q4,1,0,0,0,1,1,2,0,1,10,0,269
79,2024-Q1,1,0,0,0,1,1,2,0,1,10,0,269
79,2024-Q2,1,0,0,0,1,1,2,0,1,10,0,269
79,2024-Q3,1,0,0,0,1,1,2,0,1,10,0,269
79,2024-Q4,1,0,0,0,1,1,2,0,1,10,0,269
80,2023-Q3,0,1,0,0,2,1,4,3,1,4,6,213
80,2023-Q4,0,1,0,0,2,1,4,3,1,4,6,213
80,2024-Q1,0,1,0,0,2,1,4,3,1,4,6,213
80,2024-Q2,0,1,0,0,2,1,4,3,1,4,6,213
80,2024-Q3,0,1,0,0,2,1,4,3,1,4,6,213
80,2024-Q4,0,1,0,0,2,1,4,3,1,4,6,213
